,Cerebellum,Dorsal midbrain,Dorsal telencephalon,Hypothalamus,Medulla,Pons,Thalamus,Unspecific,Ventral midbrain,Ventral telencephalon
COL1A1,0.19211191,0.2500297,0.032911815,0.07144747,0.25099382,0.14936277,0.11079628,0.5675972,0.23567155,0.02607902
COL1A2,0.40211308,0.5784521,0.033585645,0.18830393,0.5282194,0.28575787,0.26325014,0.99712396,0.5838019,0.14633322
COL2A1,0.26909176,0.6841852,0.1328109,0.10493857,0.37758043,0.28425696,0.29378936,0.9523886,0.7927672,0.28550673
COL3A1,0.22116786,0.1972834,0.020421868,0.038058586,0.19245401,0.105698705,0.08520272,0.44166842,0.08165455,0.015930125
COL4A1,0.4081258,0.4131572,0.17101151,0.10604276,0.49379623,0.23078556,0.12715124,0.8819756,0.39836115,0.19957949
COL4A2,1.0250182,1.0990193,0.61534333,0.29142585,0.9191333,0.6926091,0.42081746,1.2162083,0.98408645,0.58260417
COL4A3,0.032760076,0.040849376,0.003529861,0.013106742,0.020165376,0.017732602,0.0054085366,0.021676008,0.05035396,0.009720758
COL4A4,0.05329342,0.055497892,0.0058564297,0.015492621,0.022255111,0.023938049,0.009360993,0.021757288,0.06434821,0.018463401
COL4A5,0.9076546,1.6555635,0.39189163,0.29103056,0.6584423,0.38452598,0.7308263,1.3089443,1.3049648,0.36755964
COL4A6,0.30693227,1.1535885,0.50155485,0.25354126,0.2844926,0.14887767,0.89120007,0.82938755,0.81824815,0.2630556
COL5A1,0.18615232,0.20738888,0.07023337,0.07534535,0.23193063,0.12550789,0.11244295,0.40329173,0.27735874,0.046009105
COL5A2,0.23422405,0.28232583,0.04577457,0.11813642,0.3625431,0.168703,0.25130507,0.54993784,0.33796042,0.14578535
COL5A3,0.024203688,0.032317955,0.005853454,0.008931568,0.035502754,0.017338391,0.014277045,0.17101124,0.029219197,0.007928324
COL6A1,0.97576225,1.4617888,0.81004465,0.77560866,1.5061927,1.5255014,1.2034545,1.8474734,1.9873395,0.64949995
COL6A2,0.38629407,0.48398447,0.33701426,0.2697873,0.68499416,0.49327198,0.48304763,1.1157641,0.9671753,0.1521232
COL6A3,0.058062874,0.047016837,0.010110533,0.012823991,0.051506564,0.028200543,0.023448879,0.20197055,0.036374334,0.0118208565
COL6A5,0.006275853,0.0013618749,0.0003699716,0.00042245086,0.0011850528,0.0015555187,0.00019605175,0.0014254585,0.001395262,0.00033893928
COL6A6,0.07252807,0.07458277,0.0033852914,0.010728124,0.03386917,0.02650509,0.0046352725,0.026747834,0.057988815,0.007164747
COL7A1,0.12007713,0.119860016,0.09632887,0.1494887,0.12721339,0.16471346,0.11254054,0.15952325,0.19212644,0.17409152
COL8A1,0.029878547,0.016538294,0.0027151604,0.012670968,0.049720563,0.025736889,0.0058417367,0.08732344,0.057074193,0.006906836
COL8A2,0.02650134,0.027518785,0.0027896357,0.006943813,0.018277068,0.011485893,0.0074194553,0.062759526,0.02888907,0.002984163
COL9A1,0.17193046,0.34696534,0.16936937,0.07756853,0.15633287,0.121983364,0.33981198,0.47761655,0.18893456,0.17131875
COL9A2,0.110848546,0.27212226,0.11490135,0.104339264,0.1896421,0.17652452,0.37316284,0.36178076,0.14978933,0.12415145
COL9A3,0.060129594,0.117924586,0.607101,0.051976506,0.13803126,0.11820547,0.13652755,0.42563504,0.12568521,0.29803804
COL10A1,0.0471151,0.062409353,0.0018415586,0.0063179834,0.022801528,0.014079036,0.0025802122,0.021833561,0.039438214,0.0016139271
COL11A1,0.5906048,0.6107419,0.49925599,0.25454724,0.35600948,0.22932456,0.7084734,1.120639,0.20923974,0.49622425
COL11A2,0.042274557,0.04407513,0.052493904,0.046161823,0.03526756,0.04185925,0.033875275,0.059452742,0.05317988,0.06756621
COL12A1,0.1969421,0.0545567,0.02882149,0.024864435,0.09064451,0.038534664,0.02376779,0.13484766,0.08724343,0.013015823
COL13A1,0.020912163,0.03348178,0.010587474,0.027767079,0.03775048,0.024273906,0.029655432,0.094959855,0.040079907,0.012444894
COL14A1,0.102979705,0.060801115,0.003808507,0.020738473,0.115322664,0.048140045,0.009850419,0.18192945,0.09320449,0.0065175314
COL15A1,0.012242008,0.021755796,0.010802599,0.012182579,0.012713249,0.013220994,0.010763543,0.079297364,0.02243089,0.013999224
COL16A1,0.0380615,0.041313466,0.13346928,0.04073184,0.06578181,0.048072472,0.04996334,0.20815417,0.08327031,0.046582654
COL17A1,0.029570322,0.034779128,0.0054379837,0.009449564,0.018295215,0.013079618,0.006099098,0.026132684,0.055873293,0.004405089
COL18A1,0.2824325,0.5284269,0.20596455,0.20583582,0.680894,0.33930334,0.6436377,1.1823505,0.769722,0.16570356
COL19A1,0.035269015,0.046222087,0.017434085,0.02319187,0.028944012,0.033716846,0.016903978,0.035584178,0.027838668,0.029909505
COL20A1,0.01870947,0.025459113,0.0093368245,0.015427606,0.019189969,0.018130222,0.0081431735,0.033786837,0.033908438,0.0123823425
COL21A1,0.16811794,0.08081977,0.0042236615,0.046429902,0.08994806,0.045697235,0.07383309,0.18692549,0.27801287,0.0050083944
COL22A1,0.016083283,0.049744394,0.009743489,0.017712608,0.035412163,0.025104236,0.047413874,0.091352016,0.06685831,0.044045653
COL23A1,0.27839652,0.23175016,0.0069471262,0.06621758,0.27645665,0.15986699,0.11750637,0.44125167,0.65831685,0.008870601
COL24A1,0.117330454,0.057616398,0.031503048,0.012947124,0.03487468,0.03835821,0.011083515,0.05135522,0.06096445,0.02033816
COL25A1,0.20517874,0.21865489,0.08859618,0.06826672,0.1208886,0.09861385,0.07163965,0.1668961,0.16531199,0.16136394
COL26A1,0.1770171,0.3124245,0.11122427,0.16539007,0.20492783,0.2564276,0.26420966,0.3144858,0.3425751,0.19891232
COL27A1,0.42683378,0.276046,0.0773262,0.085987054,0.2919597,0.19309896,0.12023202,0.47058988,0.4208228,0.07479675
COL28A1,0.11394158,0.15046926,0.005849405,0.02389121,0.047815397,0.04859464,0.017929118,0.05608352,0.13360235,0.008574152
LAMA1,0.48015475,0.66343844,0.11095865,0.119224936,0.24814534,0.28867677,0.21368936,0.5629391,0.37794667,0.1803639
LAMA2,0.117226444,0.08493621,0.007198433,0.053932484,0.1642226,0.0760437,0.07825773,0.20342973,0.15480582,0.010249342
LAMA3,0.09085774,0.07387284,0.031066405,0.02371289,0.046474297,0.024858054,0.018404456,0.04473313,0.08531501,0.021636
LAMA4,0.15158667,0.18678866,0.021266304,0.080571875,0.20144214,0.16555755,0.10510515,0.573456,0.11847519,0.07390252
LAMA5,0.16011566,0.2552018,0.1791521,0.1552363,0.27164486,0.24042788,0.23580438,0.5733399,0.45659283,0.26321253
LAMB1,0.3183335,0.35652462,0.17971008,0.18064933,0.31144908,0.30350763,0.43363822,0.7751707,0.51897925,0.18471846
LAMB2,0.27735382,0.32146943,0.10278029,0.11681058,0.42127666,0.22736238,0.27081174,0.95630586,0.5504023,0.13910575
LAMB3,0.020667134,0.0480057,0.006648489,0.057356615,0.044119947,0.049363125,0.06201447,0.0119981645,0.04107858,0.060495693
LAMB4,0.17843734,0.22895941,0.018052414,0.029590873,0.071455225,0.059583217,0.015488361,0.033100374,0.29688296,0.023242319
LAMC1,0.40138403,0.45325986,0.24103417,0.17787129,0.44229087,0.30304685,0.22869574,0.9417555,0.583381,0.20316459
LAMC2,0.050808545,0.041745003,0.033347823,0.019565195,0.031169165,0.033286914,0.019397125,0.036806222,0.064547904,0.026902357
LAMC3,0.012683913,0.009568218,0.0039232066,0.0019431829,0.008247588,0.005516972,0.0036609774,0.03948545,0.00861801,0.0031017496
ACAN,0.006927069,0.007258354,0.0069129867,0.0035700416,0.0074540414,0.0067224842,0.0025018388,0.02170301,0.013640044,0.0044029644
VCAN,2.5594335,1.7370679,2.7468467,1.4678667,1.7217704,1.5060468,1.6118062,2.3004053,1.5404176,2.7193236
NCAN,0.7260423,0.851797,1.4806819,0.6252587,0.6592238,1.1085644,0.63018775,1.3703912,0.8685622,1.3949949
BCAN,0.32026082,0.22703093,0.29054394,0.1840012,0.54242706,0.27857995,0.18063416,2.11116,0.35000587,0.57139266
DCN,0.16546153,0.19186744,0.023238,0.124323554,0.21345203,0.13095835,0.1325247,0.9700913,0.8452,0.029569285
BGN,0.017542997,0.03312154,0.010183455,0.012088545,0.04438821,0.02847894,0.023307232,0.24276085,0.06333781,0.01319121
LUM,0.24435252,0.1941531,0.025813485,0.06837628,0.26351294,0.12076922,0.13690628,0.68682176,0.4091301,0.024673931
FMOD,0.0030012294,0.0046240543,0.0006651763,0.0028721043,0.0046419944,0.0023087831,0.006224908,0.033748753,0.005716222,0.00095064664
PRELP,0.017432021,0.04902239,0.014712028,0.022344498,0.04493784,0.02205282,0.06905181,0.10636097,0.037083432,0.013686247
OMD,0.034630265,0.038953137,0.0042701643,0.0045761606,0.012069872,0.012478101,0.0026959733,0.025467185,0.01774048,0.008160753
OGN,0.05267559,0.060328823,0.0046071205,0.00562853,0.02970712,0.019565094,0.005764284,0.12939858,0.028658107,0.006511878
ASPN,0.061238017,0.067553885,0.007651565,0.007160748,0.02995324,0.01938501,0.0049339365,0.08016255,0.037497964,0.0099344
CHAD,0.0035254858,0.001863081,0.00015105904,0.00044265913,0.0028949608,0.001557511,0.00025581324,0.0023009588,0.0018680006,0.00010984187
KERA,0.00066676777,0.00094356627,0.000306971,0.0,0.001347627,0.00027852293,0.00013442556,0.0045502456,0.001091799,2.992746e-05
OPTC,0.0041694767,0.004507971,0.001286007,0.00126121,0.006786613,0.0026946324,0.0036175058,0.014463261,0.0020130828,0.0015152587
EPYC,0.0016776673,0.0017393228,3.1163676e-05,0.00021008619,0.0009309302,0.0012988407,0.00092014635,0.004155213,0.0031701608,6.303954e-05
HSPG2,0.14457087,0.25903204,0.06631123,0.058539905,0.18058,0.11893464,0.13807328,0.42317832,0.21428004,0.07209483
AGRN,0.5487305,0.702864,0.5860624,0.2767828,0.7251289,0.7328725,0.63857555,0.7318364,0.7116395,0.47593534
SDC1,0.2138464,0.32945716,0.16481437,0.17983066,0.24743168,0.27001113,0.26444036,0.3009853,0.28416964,0.23113462
SDC2,1.1740085,1.4613631,0.29099652,0.6376918,1.1656,0.8130062,1.3005683,2.0112658,1.5726252,0.4701181
SDC3,0.7361841,0.8296572,0.5671471,0.7862812,0.78914016,1.0596372,0.9004018,1.252674,1.1581655,0.76487744
SDC4,0.08358486,0.104803726,0.037778415,0.047812574,0.17808853,0.09893316,0.13005659,0.36114174,0.31474388,0.057962213
GPC1,0.7114271,0.87181044,1.5543425,0.5794288,0.8752843,0.861221,0.9512569,1.2407731,0.8171226,1.1296685
GPC3,0.39048228,0.40767255,0.17034413,0.3375382,0.9832155,0.2473736,1.1069208,1.0570617,0.17760809,0.29580197
GPC4,0.6117389,0.6515154,0.7449132,0.24250796,0.54129803,0.32909998,0.74232686,0.8588216,0.37109298,0.76416177
GPC5,0.21926665,0.4023254,0.019579034,0.07382254,0.13195413,0.14428452,0.03319233,0.120836794,0.58599806,0.012996138
GPC6,0.9507881,1.841754,0.6361338,0.3514826,0.60482913,0.6058792,0.37305257,1.179784,1.5477254,0.5786516
FN1,0.40317994,0.56294674,0.11092875,0.157169,0.3450149,0.26034504,0.35057288,0.8500253,0.50771815,0.18270476
VTN,0.0132762855,0.05135823,0.002966215,0.02242067,0.049805276,0.03443247,0.039529707,0.10158472,0.144195,0.004529141
TNC,0.33047402,0.4517666,0.14156717,0.1567265,0.42926306,0.14527671,0.15621032,1.5607014,0.45762575,0.40823698
TNR,0.055959914,0.06639685,0.14174661,0.09009644,0.050816678,0.1420597,0.067146696,0.03445299,0.15703863,0.123088755
TNXB,0.10646327,0.13599785,0.026536,0.040522844,0.089950405,0.09526193,0.037547447,0.10089938,0.18678778,0.031361215
THBS1,0.11031572,0.044018622,0.08275744,0.01718402,0.0672742,0.051142324,0.03200222,0.12989505,0.04478239,0.015758457
THBS2,0.17447199,0.098357655,0.07041175,0.08517467,0.2051439,0.12106906,0.06763921,0.28712222,0.1347104,0.041104443
THBS3,0.3163773,0.3753276,0.14328821,0.17390262,0.34955266,0.37813884,0.29998478,0.39383113,0.49170867,0.18836348
THBS4,0.24061275,0.29702884,0.061174348,0.09088189,0.17947866,0.14559908,0.11307755,0.22412527,0.3315882,0.0774317
COMP,0.02219192,0.02326933,0.016141634,0.010739822,0.032529768,0.02568689,0.017161654,0.016560633,0.017139548,0.017666413
SPP1,0.09543003,0.10725116,0.02520471,0.22372292,0.15444936,0.18396579,0.1321124,0.40430266,0.16344707,0.12467569
SPARC,1.5837642,1.9777074,0.7285479,0.8657842,2.1510553,1.326905,2.2385638,3.7259347,2.0926833,0.88124794
POSTN,0.13598533,0.07102521,0.02251026,0.016854202,0.09074287,0.043128815,0.0203308,0.21607362,0.06346223,0.008618667
FBLN1,0.7143774,0.90330327,1.5507582,0.50997764,0.97665817,0.620329,1.0451908,1.5523319,0.8471345,1.407542
FBLN2,0.12304665,0.12720257,0.04492997,0.047056146,0.15055127,0.080542,0.10534414,0.36725658,0.12984346,0.029802691
FBLN5,0.35605273,0.19543655,0.0121708745,0.061407436,0.37431148,0.14461294,0.071497574,0.29307753,0.2761821,0.06925975
EFEMP1,0.08942424,0.21680796,0.007293092,0.096679896,0.28673807,0.18735273,0.09576421,0.66282964,0.6414197,0.14770135
EFEMP2,0.06545814,0.1605697,0.19785543,0.114020444,0.30743328,0.34380987,0.14901124,1.1963853,0.86814797,0.21253446
NID1,0.043044638,0.098466955,0.028667826,0.027679162,0.09763672,0.060502853,0.029354123,0.45228276,0.12984209,0.058222838
NID2,0.055584397,0.09143634,0.004808969,0.015637275,0.035324443,0.03458279,0.037024785,0.20400915,0.07804581,0.0092886835
ELN,0.19394082,0.25986025,0.080333486,0.0613418,0.518449,0.16217501,0.23580584,0.3951242,0.15368843,0.11713236
FBN1,0.35566285,0.54040885,0.04324478,0.12957707,0.27712968,0.21656774,0.18975988,0.61782825,0.5478206,0.13299464
FBN2,0.79470396,0.88738376,0.05323439,0.06597755,0.35188636,0.2862467,0.16850504,0.65890497,0.222711,0.19452924
EMILIN1,0.024628552,0.039181083,0.03188157,0.029253518,0.055613577,0.04180216,0.032340273,0.26528504,0.10526362,0.03165617
EMILIN2,0.05469627,0.09598695,0.020012615,0.02017653,0.04021961,0.031142965,0.0840214,0.06341698,0.038756244,0.010428508
MFAP2,0.4805482,0.97251755,0.50988656,0.33809602,0.8671908,0.5694097,1.5323453,1.2482874,0.89566845,0.30003715
MFAP5,0.007954454,0.0052979826,0.0029670715,0.0021577561,0.005382287,0.0043118596,0.0025854688,0.016219996,0.0071613723,0.0044592395
ITGA1,0.02898844,0.029303411,0.011540332,0.012417949,0.029182058,0.018265931,0.021471685,0.07117141,0.041229464,0.018176597
ITGA2,0.048567966,0.07866694,0.280704,0.071952656,0.106748216,0.04126094,0.21137355,0.3378569,0.087302655,0.15699415
ITGA3,0.10061961,0.14724822,0.1271139,0.14616303,0.13351196,0.1983426,0.14694266,0.27290273,0.2932419,0.13769211
ITGA4,0.06917074,0.047061976,0.009051194,0.026214391,0.040178396,0.037707653,0.026705047,0.075205654,0.08251837,0.004027572
ITGA5,0.09009654,0.13526146,0.011737471,0.030107254,0.10164352,0.07518758,0.090865634,0.24260744,0.09684919,0.029921075
ITGA6,0.35624138,0.615347,0.2396254,0.39919087,0.3700752,0.334658,0.59601176,1.1817472,0.62728786,0.45264485
ITGA7,0.21913448,0.20358546,0.114635065,0.12038511,0.23234029,0.19119585,0.17693767,0.5673295,0.2381304,0.16977438
ITGA8,0.032255355,0.058963206,0.018097302,0.02292028,0.033093896,0.030078007,0.01285926,0.073747575,0.045765232,0.015961621
ITGA9,0.18152809,0.3064729,0.030453265,0.045921016,0.07831795,0.09031912,0.027075147,0.09467141,0.2298882,0.04046486
ITGA10,0.08925629,0.11083392,0.052033883,0.0525274,0.059804257,0.06743648,0.034093905,0.043623153,0.08320627,0.07606082
ITGA11,0.030147132,0.021927938,0.01949673,0.012037681,0.035433423,0.027829386,0.016850106,0.061094273,0.05123341,0.018785454
ITGAV,0.48428622,0.565973,0.5256181,0.2407581,0.4489921,0.3175089,0.350119,1.104543,0.6539642,0.48094878
ITGAL,0.007929861,0.008441376,0.0046874504,0.00248747,0.006733331,0.0070668114,0.0021909429,0.0050865957,0.012171998,0.004765157
ITGAM,0.0047099274,0.0029333471,0.0026811215,0.0030630073,0.0034364369,0.0030312443,0.0013367673,0.0034814887,0.00469365,0.0047223275
ITGAX,0.0028624332,0.0036181405,0.002376122,0.001760746,0.0037246319,0.0025408366,0.0011511365,0.004357468,0.0030749564,0.0007725508
ITGAD,0.0013263237,0.0014670229,0.0001824131,0.000445308,0.0010716311,0.001006722,0.0001358703,0.00065851427,0.0028046197,0.00015966728
ITGAE,1.6755253,1.4408172,1.5011452,1.1649154,1.9643354,1.9527637,1.9133588,2.0472822,1.6676425,1.6683764
ITGB1,1.732525,2.035253,1.4275619,1.2734494,2.2898788,1.9762862,1.7965646,3.012248,2.6405382,1.7682122
ITGB2,0.005671354,0.0074190353,0.0017665959,0.001249936,0.0045296447,0.008416449,0.001476986,0.005045577,0.01159863,0.0015661895
ITGB3,0.025661904,0.026685186,0.004251044,0.0053481474,0.015654368,0.011358045,0.0033473363,0.011116787,0.030699868,0.00367957
ITGB4,0.025492702,0.033946257,0.008476109,0.013586639,0.07066397,0.027949093,0.023410868,0.17693327,0.05035429,0.0088393185
ITGB5,0.17428386,0.22751032,0.022725599,0.07248605,0.2542334,0.15071076,0.11044802,0.81803685,0.4181615,0.07375929
ITGB6,0.016815798,0.017042458,0.0037045078,0.008153865,0.058070324,0.017972708,0.025068112,0.021451605,0.006315594,0.0034435699
ITGB7,0.014501623,0.021856349,0.0020248427,0.004695961,0.0105941305,0.0068729687,0.014953507,0.012770516,0.012527717,0.001218813
ITGB8,1.5722357,1.351139,0.61580426,0.4670576,1.0661389,0.9623108,0.5756929,1.6569619,1.6444389,0.7635917
ITGA2B,0.21564129,0.26766595,0.06654765,0.0704489,0.11840158,0.12251128,0.07739616,0.101672426,0.2672447,0.07661332
YAP1,0.93553126,1.0759301,0.2829803,0.23966064,0.80108726,0.46338543,0.5357956,1.4156605,1.2645596,0.30568483
WWTR1,0.6595249,0.56064206,0.05950903,0.17590488,0.71523553,0.31352654,0.24264368,1.1580739,0.7122638,0.29036748
LATS1,0.6040842,0.75505006,0.6081599,0.4008289,0.48581666,0.51354486,0.42656815,0.61237407,0.74754846,0.6676839
LATS2,0.2265258,0.35561284,0.048970144,0.1105923,0.22727533,0.2252687,0.17545459,0.37224135,0.37922266,0.14447498
STK3,0.87202996,1.0490384,0.18776037,0.19447772,0.6016525,0.3580072,0.29694423,0.8536216,0.85787994,0.21853763
STK4,0.8250325,0.96022075,1.1577203,0.6468122,0.8109567,0.8612141,0.8009537,0.96663576,0.9993712,1.1280273
MOB1A,0.9007267,0.985368,0.85694194,0.52933604,1.0632106,0.8782398,0.9967882,1.5152334,1.1293663,0.9300386
MOB1B,0.8613908,0.94210637,0.47073096,0.38443637,0.6358851,0.61173266,0.4664831,0.8260579,1.1450397,0.6308365
SAV1,0.50965416,0.6155003,0.67441976,0.33275795,0.63560444,0.51455694,0.5111696,0.99127275,0.74628603,0.5874631
TEAD1,1.578971,1.7457573,0.65398365,0.8843837,0.9797947,0.92524797,0.90266556,1.6120495,1.8483839,1.0424265
TEAD2,0.569048,0.6295178,0.5946842,0.20846464,0.7229593,0.5578203,0.69363135,1.0046751,0.6523991,0.6200508
TEAD3,0.25042453,0.30252558,0.12853514,0.082430415,0.23804699,0.21973942,0.18071139,0.35667935,0.29508957,0.14902684
TEAD4,0.06834105,0.07069622,0.06577048,0.00936794,0.064479835,0.03630152,0.028375665,0.1314545,0.038531628,0.03955884
NF2,0.49532035,0.60323393,0.62005186,0.3925259,0.55843097,0.6204854,0.49837127,0.7120717,0.7167727,0.6738091
WWC1,0.5253525,0.31488943,0.54825205,0.10696996,0.35893592,0.27721742,0.1733982,0.46949738,0.23344111,0.11491925
AMOT,0.21177964,0.27322072,0.16071457,0.17087495,0.20945427,0.20028366,0.21491794,0.4146179,0.33991176,0.20789988
AMOTL1,0.7025216,0.762429,0.5272757,0.27010348,0.48561326,0.4971347,0.35166758,0.6881577,0.7677511,0.5792125
AMOTL2,0.3838851,0.57118094,0.5924339,0.27707323,0.43641484,0.60758996,0.5393635,0.5409846,0.49723992,0.5692105
TLN1,0.6616194,0.6925421,0.5159829,0.3982488,0.7568749,0.506974,0.5307149,1.3056438,0.8402724,0.61883664
TLN2,0.7025552,0.6910236,0.5362439,0.3584522,0.48438266,0.52632564,0.39479694,0.66817087,0.62756515,0.42446768
VCL,0.93804675,0.93692774,0.56962585,0.4322548,0.86151624,0.68448293,0.62608415,1.363325,0.9332506,0.61114305
PXN,0.2533538,0.3105605,0.188915,0.16098596,0.29354426,0.33080098,0.22093783,0.42718226,0.3614688,0.16313991
ZYX,0.6030397,0.6980579,0.63610905,0.4384666,0.9009836,0.852442,0.74668294,0.94958943,0.87756306,0.7022022
FERMT1,0.011398956,0.016496485,0.0057249456,0.0066640014,0.029217534,0.016352035,0.0063711046,0.060052216,0.03468472,0.010456564
FERMT2,1.1039814,1.3316082,1.015155,0.5748273,1.1006504,0.8348806,0.70812416,1.9457748,1.1437554,1.0695682
FERMT3,0.04053953,0.03686906,0.026717246,0.02718818,0.026481252,0.025709197,0.017183846,0.031152053,0.04603733,0.04055402
ILK,1.3785089,1.4823767,1.3402674,1.0039959,1.7629853,1.5818545,1.7521394,2.1069963,1.5784701,1.3275819
PARVA,0.30573264,0.50282794,0.17120467,0.21447666,0.33281502,0.31748414,0.30705962,0.67446536,0.57045496,0.23272334
PARVB,0.11483431,0.16647705,0.082772665,0.080931425,0.14047143,0.21980794,0.06853024,0.25188842,0.35111585,0.08183738
PTK2,2.1156466,2.6575115,1.391498,0.9215405,1.643959,1.6762638,1.2899299,1.7889559,2.627753,1.4233193
SRC,0.30864325,0.37284228,0.40948233,0.2507231,0.28604108,0.40049443,0.33572498,0.3190294,0.3720789,0.5047885
BCAR1,0.51163924,0.66485924,0.64402056,0.4420751,0.77870625,0.7794371,0.6690793,0.8704638,0.8470285,0.651878
CRK,1.2822281,1.5110923,1.6986619,1.0500785,1.470801,1.5905005,1.3562665,1.6432647,1.730525,1.7977709
CRKL,0.5575317,0.6773361,0.5919492,0.3970883,0.5828219,0.62634254,0.4881233,0.7898171,0.788968,0.704172
PIEZO1,0.021189494,0.03028114,0.014093551,0.015644828,0.048806418,0.020753851,0.013728414,0.13186257,0.06321899,0.016383318
PIEZO2,0.5366969,0.45280826,0.08230062,0.10089961,0.36600372,0.16095926,0.11113523,0.2635019,0.6948912,0.14244935
TRPV4,0.019169316,0.042950887,0.001764561,0.010814237,0.007348028,0.01481756,0.0059306715,0.06877304,0.06609883,0.0108806705
TRPC1,0.8106884,0.99276495,0.19072826,0.25223488,0.44999915,0.48264548,0.20111871,0.3892197,0.964552,0.29204512
TRPC6,0.011982394,0.011385754,0.07249259,0.0041532754,0.0073269648,0.0066946326,0.0039428812,0.025361964,0.019683616,0.003339727
TRPM7,0.8164413,1.033701,0.4930763,0.43607,0.58100396,0.5470472,0.3746513,0.76177484,0.9660637,0.61300874
KCNK2,0.14679061,0.084319286,0.13293912,0.03279068,0.07665898,0.088083774,0.0443146,0.061426643,0.06582106,0.074614905
KCNK4,0.024932167,0.03221824,0.018685926,0.015621477,0.019090291,0.028587524,0.021337476,0.017185109,0.04703287,0.009006022
TMC1,0.017686408,0.025793793,0.003383564,0.003989555,0.012859201,0.007532066,0.0025103076,0.012622742,0.026221052,0.00850319
TMC2,0.01497015,0.015745481,0.01142368,0.013329841,0.0091434,0.012316124,0.011644379,0.0036978847,0.021726565,0.014493187
DDR1,1.8915801,2.0103855,1.4608579,1.1993138,2.1711872,1.901781,1.9524962,2.512931,2.0869215,1.9907513
DDR2,0.09479984,0.17331813,0.06362458,0.12397738,0.1535968,0.09713505,0.086080976,0.3337104,0.3382358,0.0595255
CD44,0.2259696,0.14331183,0.029073907,0.10877214,0.46511912,0.14447816,0.15102372,0.7235455,0.43406397,0.06393368
DAG1,0.71622235,0.8212769,0.6356812,0.46343005,0.80202484,0.68480974,0.63502586,1.4680159,0.98956245,0.67623645
RPSA,5.6637774,5.9023347,6.9593234,4.6096163,5.253586,6.211064,5.60785,6.715664,6.325978,6.903128
BCAM,0.11063659,0.30039546,0.1903821,0.1889147,0.33440602,0.28610113,0.52640307,0.71462095,0.6729294,0.19991326
HMMR,0.44296646,0.42863786,0.2578184,0.12339557,0.34752795,0.24205215,0.3220781,0.5253654,0.21812749,0.39818192
LYVE1,0.02499815,0.018280068,0.0005615047,0.004267351,0.01110505,0.0056941304,0.0020987527,0.0065222788,0.013646183,0.0015577248
MMP1,0.001223632,0.0033825673,0.0005111481,0.009902429,0.003046427,0.008761744,0.001900539,0.005479844,0.02962692,0.0018875487
MMP2,0.11897448,0.29437685,0.010799259,0.082834415,0.305402,0.2839048,0.23997799,0.8185442,0.5061675,0.1612713
MMP3,0.0016023935,0.003649993,0.0018251889,0.0003039668,0.0041480465,0.002445173,0.0030494253,0.0035791474,0.0021242597,0.0014436514
MMP7,0.00091651344,0.0010637,0.0014073346,0.0021586427,0.0030911453,0.0013553211,0.0034938357,0.017676098,0.004561375,0.0026418911
MMP8,0.0,0.0,5.0002964e-05,0.0,7.697066e-05,0.000106708896,9.3446375e-05,3.6020945e-05,0.00022207253,0.00015498229
MMP9,0.01054008,0.018460378,0.017592927,0.016837683,0.01986435,0.018522074,0.01505455,0.029315611,0.04757968,0.012652164
MMP10,0.013998567,0.0130577665,0.002416633,0.030858126,0.013665736,0.017318223,0.00848785,0.010050723,0.08171454,0.0025808332
MMP11,0.047718856,0.088784866,0.14412199,0.046530474,0.13119979,0.13146831,0.08602064,0.20769526,0.25090194,0.09129235
MMP12,0.0010507611,0.00025061498,0.00011960507,0.0007794997,0.0014343098,0.00094668276,0.00036299147,0.00019998563,0.00073745113,0.00020943028
MMP13,0.00029176945,0.0004615659,0.0002667666,0.0,0.00023230795,0.00036079163,0.00015070188,0.00063636905,0.00060223974,0.00017614572
MMP14,0.0583048,0.10646711,0.042738475,0.05271073,0.16842182,0.08902954,0.09786359,0.5933054,0.24739195,0.07541425
MMP15,0.36971125,0.61670977,0.37117422,0.36387837,0.4230195,0.520239,0.44009393,0.58736384,0.42086107,0.4547601
MMP16,1.0800676,1.3085917,0.56081825,0.46324584,0.51679456,0.722255,0.3605809,0.6523327,1.2727476,0.6412083
MMP17,0.25220218,0.26571387,0.2841587,0.24352513,0.3545678,0.4640439,0.26891103,0.36054388,0.5311584,0.24791728
MMP19,0.021204501,0.017094793,0.0067535494,0.0071211294,0.017846003,0.0142336795,0.007962915,0.024587447,0.015697671,0.009969344
MMP24,0.24401782,0.32948136,0.2877039,0.25610182,0.17595546,0.34908617,0.19353144,0.09075709,0.38836378,0.31938666
MMP25,0.010878023,0.009372998,0.0058296877,0.00606706,0.007828722,0.007311434,0.004909755,0.016562575,0.013073579,0.006871774
MMP28,0.02129403,0.03500359,0.06106052,0.03411757,0.02436562,0.023165917,0.029706031,0.11717658,0.048713557,0.032332677
TIMP1,0.96429163,1.4722323,0.5982996,0.737709,2.0717857,1.4279704,1.4835721,3.2407305,2.481411,0.7209958
TIMP2,0.9665415,1.3856757,1.1930785,1.3753366,1.2744989,1.3270508,1.1567298,2.3638198,2.166687,1.4502567
TIMP3,0.3272037,0.4112298,0.18504119,0.18092114,0.43076843,0.30397165,0.35843924,1.2014321,0.49708378,0.2006848
TIMP4,0.029951232,0.015472749,0.0021826827,0.011382364,0.049569756,0.034474023,0.0046510454,0.08957919,0.08615051,0.006228694
ADAM10,1.3163217,1.5531644,0.8518584,0.6090844,1.0271416,1.061052,0.8088808,1.2288113,1.5979589,0.8822836
ADAM17,1.236724,1.4876543,0.7981086,0.7397256,1.202612,1.1276613,0.91871065,1.444622,1.7715567,1.09104
ADAM12,0.2129312,0.268953,0.026852444,0.1410638,0.28179422,0.30510232,0.29135132,0.37253693,0.5000156,0.06996827
ADAMTS1,0.20007066,0.20831926,0.10041714,0.13159944,0.22389632,0.14374453,0.24317485,0.5818702,0.31310043,0.12333292
ADAMTS2,0.1349185,0.16681357,0.07539727,0.061211817,0.102962,0.122437574,0.07309798,0.14726081,0.24190171,0.04785828
ADAMTS4,0.079684295,0.051868398,0.09028577,0.023724873,0.073576346,0.057565082,0.047955815,0.086759746,0.04474473,0.056465805
ADAMTS5,0.07264759,0.12178391,0.09183755,0.071785256,0.087364905,0.0851257,0.073566414,0.08952219,0.095781125,0.065665185
ADAMTS13,0.08950234,0.12670706,0.07114011,0.05843888,0.0830815,0.10029926,0.06377802,0.10124692,0.14253785,0.06540228
LOX,0.10264019,0.24256139,0.09974637,0.08717128,0.1787302,0.1045188,0.18650319,0.4105063,0.21462992,0.31258076
LOXL1,0.23518835,0.5392246,0.17105289,0.28759354,0.42495877,0.7148742,0.47017553,0.8561758,0.9096567,0.2080707
LOXL2,0.18680073,0.21629098,0.04859018,0.05357434,0.11234189,0.12140627,0.078965835,0.25738165,0.22023584,0.06701502
LOXL3,0.21316685,0.2807401,0.13354546,0.1123276,0.25926954,0.22484711,0.19320665,0.3576157,0.4040114,0.1556318
LOXL4,0.016714526,0.020438423,0.00242771,0.006936575,0.021142622,0.034528174,0.0054319855,0.025470613,0.035026908,0.0044605164
TGM2,0.0147443265,0.007197398,0.0049753156,0.004636927,0.017176256,0.008133638,0.0114780525,0.03240453,0.008306888,0.005280928
CCN1,0.20558886,0.3249744,0.058198627,0.040899165,0.10488858,0.10013476,0.15851085,0.26281,0.12543193,0.062251113
CCN2,0.26927248,0.36096495,0.015062101,0.03446914,0.088943504,0.08146194,0.17199913,0.22010632,0.1678257,0.016049862
CCN3,0.05372526,0.08333801,0.041401472,0.021130953,0.084724315,0.050724506,0.04766212,0.049939748,0.068895414,0.018828075
CCN4,0.008615606,0.0068704556,6.993609e-06,0.0024230562,0.009234053,0.0052593276,0.00055555115,0.005605414,0.010007292,6.098368e-05
CCN5,0.014865826,0.012203696,0.0037885646,0.006433804,0.007900984,0.00881063,0.006503935,0.0036340551,0.010949285,0.0074422243
CCN6,0.0032351015,0.0049315994,0.00022680522,0.0013956423,0.0019750886,0.0013887193,0.00064158574,0.0016082027,0.0033390152,0.0004387229
TGFB1,0.18213038,0.23971237,0.1099453,0.08154779,0.18633223,0.18734412,0.085051715,0.47599354,0.43177557,0.09215655
TGFB2,0.40266544,0.20241705,0.082738236,0.14003567,0.46479562,0.22998048,0.14111987,0.6989334,0.50494754,0.20502874
TGFB3,0.05618374,0.05105931,0.05462945,0.024670424,0.050494142,0.034248006,0.037366044,0.13815604,0.05800492,0.048614394
BMP1,0.14168279,0.18048097,0.14028208,0.094182976,0.23359454,0.15756099,0.15363963,0.39212552,0.29929534,0.2002048
BMP2,0.050167035,0.13856949,0.041449968,0.06595584,0.07210924,0.057530716,0.2300731,0.16652054,0.11915219,0.10344379
BMP4,0.030582096,0.116633154,0.0081069255,0.0118053425,0.05859746,0.02173288,0.058673605,0.23297334,0.0424745,0.013192282
BMP7,0.35418612,0.7219154,0.38496023,0.3847254,0.5647009,0.46378595,0.81492805,1.6502026,1.173625,0.6480785
LMNA,1.1288707,1.3422139,0.7971517,0.8385848,1.5449076,1.281132,1.1042935,2.054853,1.8594053,1.1030583
LMNB1,1.2734324,1.2880853,1.6104336,0.5571013,1.1396022,1.0863338,1.1659546,1.2091677,0.85403085,1.653419
LMNB2,0.5887108,0.6799019,0.5923825,0.3670492,0.58906573,0.59569544,0.53665787,0.72361,0.64290565,0.7687528
EMD,1.0483626,1.2631024,1.4698251,1.021015,1.5160064,1.362469,1.3894489,1.7837268,1.7263681,1.5171427
SYNE1,0.77345175,1.0823865,0.6566061,0.71500957,0.73706955,0.7743532,0.5456223,1.1082155,1.3589244,0.92839545
SYNE2,1.6815454,2.3294969,3.3899615,2.0839884,1.4347861,1.3317447,2.243103,2.7647552,1.6618824,3.2248676
SUN1,1.1750518,1.3336961,1.1688385,0.84228337,1.1899812,1.1661868,1.0143492,1.3159932,1.6361551,1.1836573
SUN2,0.5376556,0.52432656,0.7884452,0.37458193,0.5021073,0.58509576,0.45994863,0.37933448,0.51121616,0.7591262
ACTA2,0.26848766,0.31339926,0.030732293,0.0934581,0.7360968,0.2286905,0.16533236,0.43744248,0.3223387,0.10203894
ACTB,7.6521225,7.244658,7.871549,5.7540607,7.650557,7.752524,7.8504624,7.4360757,7.2450676,8.059503
MYH9,0.3260937,0.45008102,0.28881872,0.22317535,0.4100022,0.35120878,0.30941844,0.9010605,0.674483,0.37345466
MYH10,2.1142104,2.797082,1.9787945,1.8437761,1.7933077,2.157505,1.9688109,2.232471,2.6669276,2.3265347
FLNA,1.0105839,1.1860875,0.8233204,0.49661785,1.2951998,0.82221687,1.0302557,2.1357067,1.1837447,0.9504923
FLNB,0.53107667,0.57064265,0.33425862,0.2823857,0.46354005,0.410985,0.35025623,0.6635503,0.817952,0.28301847
SRF,0.30728737,0.33831507,0.31644592,0.21204516,0.32668284,0.3132608,0.26879632,0.41210842,0.31478906,0.423524
RHOA,2.8514721,2.9187992,2.9327242,2.1281333,3.607185,3.1743689,3.1092513,4.4408903,3.493182,3.0574315
ROCK1,1.621645,1.8907896,1.6839887,1.1597595,1.4187301,1.4956858,1.2807535,1.7578562,1.8526937,1.9857833
ROCK2,1.3639115,1.7227637,1.722902,1.0491729,1.0877637,1.2344679,1.0190786,1.5770334,1.6518451,1.5805429
RAC1,4.3755155,4.263763,5.3815956,3.8489587,5.1237035,4.884333,4.956235,5.3132176,4.7097287,5.1903057
CDC42,4.070164,3.9369466,4.5679984,3.7459998,4.2845335,4.7649136,4.492317,4.2287745,4.5600257,5.035539
