,Astrocyte,CP,Dorsal Telencephalic IP,Dorsal Telencephalic NPC,Dorsal Telencephalic Neuron,EC,Glioblast,MC,Microglia,NC Derivatives,Neuroepithelium,Non-telencephalic NPC,Non-telencephalic Neuron,OPC,PSC,Ventral Telencephalic NPC,Ventral Telencephalic Neuron
COL1A1,0.06380424,0.19079243,0.021751141,0.031475153,0.033865705,0.032883365,0.06015737,2.5934315,0.4827063,2.3809419,0.3590635,0.26861462,0.0975037,0.0571684,1.1580746,0.04146142,0.019692881
COL1A2,0.3747197,0.6749176,0.03605585,0.064129345,0.020299505,0.0,0.21522887,3.175522,0.86848056,3.9006922,0.87264496,0.63021404,0.15968183,0.12169265,2.368369,0.23303221,0.1103392
COL2A1,0.01066061,0.4780364,0.08463135,0.4250023,0.007850727,0.00980527,0.025596943,0.24817961,0.0,0.673615,3.082153,0.60262823,0.07092625,0.09516263,4.678299,0.9172642,0.023228176
COL3A1,0.114932165,0.14352837,0.014026587,0.011593404,0.024431365,0.0,0.08777148,2.5210054,0.35778287,1.0850326,0.043410033,0.21139494,0.086849704,0.057731073,0.09600158,0.020504877,0.014030883
COL4A1,1.2862647,0.09081963,0.43172428,0.37153956,0.07650211,0.40145597,0.61587757,1.2104942,0.049996313,2.42481,1.210763,0.5579185,0.09796446,0.46119073,3.5732179,0.4409858,0.099358596
COL4A2,1.3288186,0.2739219,1.563339,1.2238209,0.32389107,0.28782994,0.8237094,1.5090199,0.0,3.0234067,1.9620736,1.1395649,0.41477835,0.7783059,3.0960782,1.0927422,0.37081808
COL4A3,0.005788946,0.035812303,0.0018870092,0.0018979808,0.004284712,0.0,0.004576795,0.048267126,0.0,0.014895713,0.020289123,0.025969522,0.019386828,0.016486533,0.033522107,0.005301945,0.011555248
COL4A4,0.010027507,0.03101642,0.0044941087,0.005705368,0.005962356,0.0,0.0060239206,0.043090407,0.0,0.012175425,0.022650447,0.035694677,0.026191132,0.012065696,0.11592811,0.01229819,0.02102292
COL4A5,1.2824465,1.1045727,0.61690503,1.0777125,0.08851983,0.23848896,0.9285662,1.1480045,0.0,0.20570868,2.1137009,1.3604118,0.112117924,0.34639204,2.690522,1.0587842,0.080593884
COL4A6,0.50300545,1.0097926,0.58952814,1.442045,0.09210064,0.074635655,0.534531,0.36439914,0.0,0.033444516,1.4814801,0.8126497,0.07386396,0.07546876,2.9228783,0.7740463,0.050914045
COL5A1,0.116041206,0.2531695,0.098204486,0.15327442,0.033478558,0.0061720703,0.1375242,1.447455,0.0,0.8220791,0.33055618,0.2834008,0.05717141,0.029684793,1.3401651,0.10067657,0.023313532
COL5A2,0.5702635,0.16250369,0.043845102,0.081691,0.030295398,0.38389874,0.33602333,1.4397798,0.10727154,2.4339502,0.40304855,0.41697603,0.09421607,0.22979008,0.6851666,0.33798134,0.06599455
COL5A3,0.36348194,0.05789331,0.0006858767,0.0024141807,0.0074951476,0.027509302,0.09070983,0.28552356,0.0,1.2540859,0.07555179,0.0371505,0.010837624,0.024688462,0.08926545,0.0049519264,0.009163994
COL6A1,1.9719849,1.2839848,0.6527733,1.0028431,0.7313301,0.73623914,1.4804715,3.779994,0.19709899,1.7294766,1.6325485,1.4653392,1.1197225,0.9508463,3.0491548,1.1735498,0.43193755
COL6A2,0.60189474,0.77315056,0.2947115,0.2995853,0.35446367,0.12647958,0.6992738,3.8209975,0.09679128,1.3939465,0.62504274,0.6946727,0.33673242,0.17401564,2.9916804,0.23496053,0.117732696
COL6A3,0.018815633,0.031603355,0.007897123,0.0065139337,0.011732291,0.006260775,0.015664088,1.360936,0.0,0.09043456,0.018427817,0.05376423,0.026980998,0.020226693,0.09962407,0.013002034,0.011330483
COL6A5,0.000346423,0.00014663572,0.00028045865,0.00011859505,0.00048137814,0.0,0.00023342342,0.006735661,0.0,0.00054042425,0.0012293506,0.0013615214,0.0028940008,0.0,0.013747373,0.0005154939,0.0002656415
COL6A6,0.015672041,0.0029387686,0.0008556491,0.0025414515,0.0038256743,0.0,0.0049738656,0.115993045,0.0,0.016921466,0.026828796,0.05400576,0.022446012,0.009461663,0.03472464,0.006823492,0.007306417
COL7A1,0.19708742,0.11480072,0.055421825,0.06218517,0.11231744,0.033190984,0.14206555,0.24722323,0.056376647,0.10745701,0.15424772,0.11754236,0.14889348,0.17852916,0.086017944,0.17327861,0.17442906
COL8A1,0.055960976,0.047814835,0.0027157015,0.004120927,0.0021070384,0.0,0.03315865,0.31580392,0.0,0.13266034,0.065714434,0.051001713,0.0063494453,0.036144134,0.0074309893,0.012657443,0.0045194346
COL8A2,0.012427279,0.1563682,0.0025498457,0.0016546325,0.0032877587,0.0,0.00727866,0.16501398,0.09979142,0.092940025,0.0087302085,0.02690693,0.007509062,0.004175834,0.0153797725,0.0018988185,0.00343475
COL9A1,0.10162298,0.8682036,0.46366745,0.4776119,0.027263839,0.0060696327,0.20776992,0.12456833,0.0,0.27841046,0.80318385,0.3253973,0.046561245,0.48070672,0.6287477,0.51586336,0.02827836
COL9A2,0.17862685,0.8376078,0.11867705,0.14038487,0.103765786,0.07346407,0.14022416,0.16638918,0.29146433,0.19560361,0.32276022,0.2127606,0.1801263,0.19975592,3.4182687,0.19266896,0.09570595
COL9A3,0.26943347,0.5550017,0.60552245,0.5659971,0.6249259,0.0074721673,0.43715855,0.7056221,0.15755795,0.6537324,0.20587772,0.13643053,0.07797698,0.55188197,0.8157507,0.2848741,0.30350366
COL10A1,0.009467832,0.0048032715,0.0016307248,0.0018781325,0.0018320184,0.0042265723,0.0018161301,0.044457648,0.0,0.0058527375,0.052206874,0.04285626,0.008122095,0.0045549236,0.003170844,0.0016658935,0.0015923531
COL11A1,1.7926695,0.82735044,1.0780625,1.2406708,0.16128966,0.10630208,1.7672466,0.5331886,0.0,0.42462948,0.88782716,0.72793776,0.13377981,1.12503,0.21340165,1.2344332,0.1897522
COL11A2,0.059968952,0.0541889,0.025777958,0.019991446,0.067349404,0.005902382,0.05589113,0.07280429,0.0,0.15079525,0.047442846,0.03791214,0.04216797,0.10214673,0.05817989,0.043673325,0.07748565
COL12A1,0.016433293,0.07290122,0.008091157,0.020734653,0.03293718,0.105006374,0.016449803,0.5273062,0.0,1.2260113,0.039937444,0.12178277,0.04704811,0.019184686,0.021315536,0.012935284,0.013049252
COL13A1,0.003748349,0.01158818,0.0019393947,0.006221129,0.012733851,0.0062143356,0.0049102814,0.2341425,0.0,0.060912643,0.2093992,0.024762873,0.036680143,0.0018294335,1.0344275,0.013330223,0.01207734
COL14A1,0.06362449,0.011259115,0.0030390478,0.0020828007,0.004577928,0.0,0.04042211,0.8265885,0.0,0.6857968,0.13374944,0.11997405,0.022397771,0.014126056,0.10331658,0.005817554,0.0068081305
COL15A1,0.0033613949,0.017612886,0.0024253062,0.0015526826,0.015053476,0.0,0.0036989155,0.42858535,0.14868143,0.47451934,0.016712729,0.012967339,0.014349292,0.016942104,0.019927211,0.0042588674,0.018043
COL16A1,0.26827577,0.09153579,0.06228778,0.034180965,0.17853965,0.016408551,0.1556859,0.7477859,0.052914746,0.31785825,0.036014207,0.06388614,0.038293883,0.0878075,0.14108361,0.02521092,0.055455264
COL17A1,0.025642088,0.01585079,0.0061235805,0.010813317,0.0030923097,0.007348362,0.011096535,0.036142487,0.0,0.014444292,0.045085173,0.030282136,0.009600075,0.008607826,0.06826452,0.008677175,0.0026315055
COL18A1,0.22490798,1.4444036,0.38842776,0.5406988,0.05573147,0.93447375,0.2525845,1.9486011,0.09778029,3.2977724,1.6656703,0.76557577,0.19869,0.11874543,4.5465245,0.44533017,0.04961521
COL19A1,0.0056023193,0.007686082,0.00084398023,0.0024389587,0.024414873,0.0,0.0055096527,0.0716486,0.0,0.47743335,0.033411317,0.020754406,0.040452313,0.02536822,0.17113595,0.0048695044,0.040305052
COL20A1,0.008367324,0.005788042,0.0028988558,0.003936455,0.011864685,0.001824927,0.011434903,0.04522241,0.0,0.37684965,0.011287586,0.020429676,0.01568226,0.45200342,0.003426828,0.009023943,0.013776596
COL21A1,0.04126883,0.25537762,0.0010108068,0.006029182,0.0035383424,0.06398325,0.027310712,0.72016203,0.0,0.07890992,0.08169704,0.16557176,0.030468356,0.12535463,0.09095184,0.003615621,0.0055866125
COL22A1,0.20005673,0.02863029,0.019656358,0.023639074,0.0034372606,0.00374438,0.14659588,0.056394935,0.0,0.13635476,0.059216667,0.053246487,0.0104035735,0.065852106,0.0,0.13940208,0.004457871
COL23A1,0.15340629,0.044432312,0.0019024665,0.003016505,0.008797697,0.0040445337,0.10495328,1.7931058,0.34614405,0.5005014,0.4973107,0.37360215,0.074270286,0.05493635,2.0315945,0.007485057,0.009445826
COL24A1,0.024396067,0.011950224,0.027219327,0.08664683,0.0077765384,0.0,0.011515131,0.24594465,0.0,0.031657405,0.036714002,0.075255014,0.020910287,0.01274634,0.020753246,0.036260646,0.013727843
COL25A1,0.033956766,0.12514606,0.0155864945,0.02817259,0.116909035,0.0017490732,0.028387733,0.34776205,0.0,0.18421525,0.3125235,0.16150154,0.103446186,0.028130878,0.116984196,0.053695634,0.20606294
COL26A1,0.06711846,0.33103052,0.04304699,0.07186149,0.13028264,0.009245153,0.059628133,0.35906684,0.045760706,0.06204587,0.67204744,0.22355549,0.23004378,0.087711215,0.8820648,0.14229742,0.22241713
COL27A1,0.52133274,0.19570164,0.09628101,0.14300956,0.04834847,0.15628764,0.37183306,0.7954919,0.11066567,0.38872167,0.61681354,0.4484742,0.061909914,0.21292605,0.9070632,0.1540414,0.041897833
COL28A1,0.06568958,0.019112138,0.009086177,0.0075445184,0.005019708,0.0,0.02262315,0.0636234,0.0,0.6553537,0.048716318,0.09360618,0.0391469,0.0232477,0.016385324,0.011956977,0.007169751
LAMA1,0.39501756,0.1843522,0.24740112,0.29941985,0.02536973,0.09764582,0.3708405,0.2562135,0.0,0.8724972,1.2654274,0.49722266,0.1336248,0.13761966,2.9301703,0.5024438,0.04665068
LAMA2,0.10393133,0.15775289,0.0026411025,0.0042433026,0.008612514,0.15466857,0.06176056,0.6917634,0.0,0.99406374,0.09207644,0.17873473,0.039334472,0.030272124,0.05238085,0.009941387,0.01037719
LAMA3,0.024151754,0.0505344,0.037490442,0.088101886,0.006202784,0.0,0.07384556,0.06192251,0.0,0.016756939,0.02493447,0.07882943,0.019498542,0.005497083,0.011230537,0.03755008,0.015029171
LAMA4,1.3343791,0.06855011,0.010132208,0.038760036,0.014030583,0.06851512,0.5888463,1.0547061,0.056589372,2.4401653,0.120120645,0.2545902,0.043773457,0.86551845,0.13041283,0.17886885,0.0303251
LAMA5,0.75143063,0.580221,0.21966025,0.2500566,0.14727318,0.7401965,0.45387575,0.6997436,0.10097171,0.19444354,0.54575443,0.301101,0.16188782,0.4486007,0.9969511,0.33679068,0.23266637
LAMB1,0.14650097,1.1927409,0.053302195,0.052160185,0.2386492,0.28206053,0.14370595,1.1273689,0.10744474,2.2131612,0.98213196,0.35404107,0.3070358,0.2465402,2.5995617,0.11477227,0.21375687
LAMB2,1.7194344,0.6247846,0.101594165,0.24688299,0.040479958,0.30725098,0.88478863,1.4213331,0.16247506,0.99244064,0.7262477,0.54881954,0.049519233,0.24977656,0.65233696,0.366647,0.044641115
LAMB3,0.01308643,0.00786287,0.0050428207,0.0020269493,0.008695501,0.02576414,0.013369587,0.02442065,0.04601873,0.016314799,0.0047010486,0.013387732,0.07901522,0.020662213,0.040836133,0.010155729,0.081394665
LAMB4,0.049735937,0.0045621265,0.013949032,0.0048932023,0.023867013,0.0062343543,0.02618728,0.069350615,0.0,0.037163705,0.034182645,0.13441597,0.070805185,0.0507095,0.0052052215,0.019233808,0.0249065
LAMC1,1.1432275,0.46499935,0.24481809,0.21261618,0.25321394,0.40852785,0.66268915,1.23177,0.052898224,2.8949125,1.1167725,0.5320186,0.18265225,0.5616586,2.9181955,0.3900833,0.12556441
LAMC2,0.066717006,0.027070735,0.014741799,0.009765922,0.044102985,0.025801484,0.031981613,0.04963966,0.0,0.03989388,0.019804183,0.028162044,0.043023,0.021308804,0.36963275,0.014549378,0.032030784
LAMC3,0.0025853189,0.005217262,0.0017894851,0.0025804166,0.0045676306,0.0017375776,0.0037143931,0.22562896,0.046054196,0.02790495,0.017043937,0.011259482,0.0036563359,0.0024097436,0.3592906,0.004871199,0.0023671514
ACAN,0.010780182,0.0028789449,0.008024033,0.0051058414,0.0076616253,0.007965829,0.0076873,0.045483176,0.05254765,0.18532088,0.019094164,0.008587089,0.0039537842,0.090445414,0.036176328,0.007133741,0.003269264
VCAN,2.0443466,1.1282237,2.8999674,3.7807956,2.2949727,1.6157343,2.3028743,2.2858067,0.7029773,2.5333395,3.4048247,2.08478,1.522528,1.7610567,5.255893,2.8080845,2.6825142
NCAN,3.742564,0.27699283,0.81164247,0.6729112,1.8500344,0.84194815,2.9365337,0.16827358,0.11555272,0.037971396,0.4592343,0.46696422,1.0589159,1.8246242,0.14024755,1.0285008,1.5471356
BCAN,6.2849054,0.083449356,0.12141867,0.52348125,0.19481786,0.19489531,4.541175,0.4611838,0.10615137,2.464947,0.09649925,0.55576694,0.095897414,5.8622866,0.038753856,0.93172455,0.42179915
DCN,0.16745046,0.46306294,0.013936357,0.0069431295,0.030563897,0.0020278418,0.16323996,5.752094,0.32171667,0.7089714,0.09351184,0.28467926,0.10604797,0.3000791,0.03706768,0.014106977,0.03598855
BGN,0.157989,0.14327423,0.0046843393,0.012492814,0.0093482835,0.0,0.048615117,0.96005213,0.052829113,0.92891085,0.09793284,0.04804841,0.0109747015,0.011236578,0.7228142,0.031006128,0.005795239
LUM,0.15348469,0.07308177,0.0116423145,0.034420695,0.02251232,0.05013519,0.16682334,4.0265737,0.27864474,0.40048155,0.2596399,0.32549745,0.07088154,0.10360284,0.121319145,0.053428926,0.012736119
FMOD,0.00506949,0.011992908,0.000712743,0.0012769502,0.00039911925,0.0,0.0039323457,0.19688857,0.056589372,0.012671795,0.008156668,0.0061753257,0.0018720363,0.0011555306,0.18125254,0.0017033041,0.0006381761
PRELP,0.113384895,0.06560658,0.00695401,0.008262564,0.01773303,0.019922405,0.060743336,0.14098044,0.045730345,0.33888972,0.14042288,0.0641151,0.008773628,0.023972543,0.21453872,0.03251556,0.0058691385
OMD,0.005633096,0.004464612,0.007100209,0.0038829383,0.0043533677,0.0,0.0038809658,0.08634257,0.0,0.019336533,0.04245006,0.024537478,0.009187903,0.016738826,0.0034346296,0.012114158,0.006519473
OGN,0.031441603,0.013008974,0.004969637,0.0031628907,0.0052210605,0.0055224192,0.011909848,0.753779,0.043408,0.20817116,0.054381,0.043210823,0.015309015,0.01645201,0.006417873,0.009210493,0.00539153
ASPN,0.012299234,0.048124954,0.016121598,0.008697002,0.006947016,0.0,0.009429595,0.36890036,0.0,0.034125883,0.06324775,0.047925197,0.016150784,0.028639631,0.0023539856,0.01754184,0.0067761224
CHAD,0.0010669433,0.00040384484,0.0,0.00014695195,0.00015733551,0.0,8.588759e-05,0.0037993265,0.0,0.011392215,0.0018927047,0.0035242687,0.00048183367,0.03459701,0.0,0.00019512598,7.443564e-05
KERA,0.00038162374,0.00027362685,0.0,0.000148731,0.00038456637,0.0,0.0002342669,0.031900678,0.0,0.0010859398,0.00044402643,0.0012011643,0.00019016911,0.0,0.0,0.0,4.2352032e-05
OPTC,0.00058910757,0.004603348,0.0011768147,0.0003999396,0.0016725538,0.019990973,0.0013620321,0.0025577901,0.0,0.0034636764,0.04627646,0.0043474864,0.004374769,0.009480599,0.14691219,0.0034117608,0.0007279136
EPYC,0.0002907873,0.0014459703,0.0,1.9029865e-05,3.7340826e-05,0.0,0.00074690976,0.025265196,0.0,0.0032222408,0.000575566,0.0011671939,0.0013137027,0.0025313515,0.0,0.0,8.921079e-05
HSPG2,0.123288535,0.32895476,0.08331953,0.15563627,0.027164254,0.073596224,0.12815455,0.5514974,0.17806883,1.4618841,0.74629635,0.2560547,0.04446695,0.074577756,1.8437368,0.17897175,0.027724039
AGRN,0.803812,0.5265174,0.44897503,0.5676793,0.5980954,0.40273854,0.63190967,0.7221687,0.17200178,0.8047126,0.94483185,0.702155,0.55240816,0.5853908,1.9246092,0.67350537,0.39391404
SDC1,0.033660226,0.17521288,0.27984333,0.27461872,0.113888465,0.06448956,0.11827174,0.30886966,0.15272103,0.24121457,0.72631615,0.30254117,0.1870983,0.09940437,0.6701573,0.47735128,0.12891623
SDC2,2.3180337,1.7450716,1.1323498,0.5528289,0.15266763,0.56552917,1.7420746,2.761629,0.52125955,0.46162057,2.2527165,1.7322403,0.47517106,0.3529997,2.2331882,1.02449,0.239967
SDC3,3.003488,0.37915698,0.32651335,0.24264082,0.71468216,0.24785586,1.5777117,1.0987383,0.5147067,1.4189558,0.7687046,0.71200013,0.99943745,2.3693554,1.0471272,0.7253367,0.7812954
SDC4,0.3295237,0.2857825,0.15137942,0.09850123,0.00812694,0.06269208,0.2111864,0.43732432,0.052829113,0.24990423,0.54071957,0.23033035,0.015543215,0.04205746,1.9991795,0.17358455,0.009960806
GPC1,1.766958,0.93585247,1.6515257,2.8258698,1.0014318,0.25121433,1.7836893,1.1480261,0.15857914,0.94981116,0.87233835,0.90859264,0.7209538,1.0511295,1.2197342,1.8193924,0.84332275
GPC3,0.06572714,0.9681247,0.17218976,0.49188834,0.031195482,0.6005633,0.2434315,1.0043272,0.27438954,0.17754266,2.5196142,1.0688999,0.16485228,0.22157764,3.4974663,0.7729624,0.09770662
GPC4,0.8368436,0.71474767,1.0874361,1.6961665,0.32322258,0.35112968,1.1175951,0.74602604,0.098365225,0.21840562,0.9107604,0.9143612,0.1057906,0.3305354,2.8752604,1.6104275,0.4128318
GPC5,0.2475693,0.03226158,0.0066275713,0.015302595,0.021814752,0.0,0.027344236,0.12584558,0.054384016,0.030887939,0.22725804,0.15251091,0.20475362,0.06128038,0.006517375,0.010907924,0.013863076
GPC6,1.2535187,0.74724996,1.2074243,1.1839887,0.38212496,0.020115826,1.235538,0.6546278,0.0,0.19202362,1.8911378,1.0411361,0.47132277,1.0223113,1.1648234,1.1949524,0.3227891
FN1,0.56532687,0.11648715,0.15629625,0.15672731,0.08976518,0.056177817,0.36666873,1.783389,0.060252957,3.234577,1.2534515,0.5558327,0.13315101,0.40964305,4.731682,0.4522538,0.07080014
VTN,0.00923338,0.10435535,0.0012576012,0.0017168131,0.0035575768,0.0,0.026526617,0.18305999,0.0,0.04864704,0.18435186,0.057811473,0.021842346,0.006590617,0.2103836,0.0056693214,0.0040557873
TNC,4.1787453,0.07049834,0.086302646,0.27783746,0.08426515,0.2745017,2.8033655,1.7261082,0.05224111,1.3750848,0.34686917,0.5067801,0.093271725,1.0250769,2.0004604,0.8853843,0.21014494
TNR,0.03653384,0.018572165,0.01041923,0.018003741,0.19918741,0.0,0.0222197,0.01902469,0.0,0.007209023,0.0076241107,0.01871003,0.13852431,0.72243667,0.009379627,0.015806504,0.16762747
TNXB,0.06993423,0.038903102,0.0063988287,0.013857995,0.032620188,0.011844842,0.043592796,0.38158643,0.05254765,0.0344047,0.086396426,0.11028142,0.06719161,0.026007311,0.037358627,0.025835326,0.03365526
THBS1,0.19238289,0.09611622,0.022338295,0.012847639,0.11479839,0.027310323,0.059580166,0.28493932,0.06755544,0.3012182,0.09352506,0.096804135,0.020386584,0.06466998,0.11374871,0.026254486,0.011400958
THBS2,0.84275156,0.022591349,0.01140368,0.048141368,0.08180307,0.045451157,0.38125584,0.4809658,0.0495031,0.15663452,0.058991563,0.21597137,0.06250192,0.23328659,0.045210958,0.042059675,0.040707875
THBS3,0.34582517,0.3216103,0.10684383,0.1943212,0.122298144,0.3551229,0.31247395,0.40537056,0.15510637,0.15524882,0.59024906,0.38006595,0.27523208,0.19749929,0.35167593,0.23588216,0.16863565
THBS4,0.23794194,0.114430696,0.038983576,0.063154615,0.06097849,0.06654939,0.13608804,0.20885935,0.0,0.09627309,0.41833997,0.25158128,0.11505661,0.14901315,0.23845166,0.11059102,0.06366537
COMP,0.018906454,0.008875959,0.009515543,0.013063918,0.017670374,0.04179135,0.013225327,0.03874602,0.055209648,0.013156603,0.012663431,0.021722492,0.025970709,0.015067056,0.011441643,0.019836588,0.016765445
SPP1,1.0756629,0.036363244,0.01610758,0.022737583,0.026542934,0.004268683,0.5213975,0.07313868,4.5147142,0.967344,0.38269064,0.09173339,0.20536025,0.4126837,0.21425842,0.09818443,0.13567342
SPARC,4.3724117,3.0462162,0.6451362,1.8028057,0.26633105,2.4050472,3.9086094,4.4560637,1.0242722,6.057289,3.35651,3.0336294,0.42823687,1.7829243,4.267168,2.245942,0.3146887
POSTN,0.0130159175,0.029590834,0.0044215014,0.0025741928,0.03167299,0.0,0.010434942,1.2669191,0.055981707,0.89258945,0.051920902,0.08217136,0.06474253,0.018498112,0.015195067,0.0051254844,0.010068877
FBLN1,0.30770168,1.5957402,4.0061245,2.4714148,1.0793493,0.13698313,0.84728444,1.7565645,0.16639453,0.958694,2.8136394,1.0452486,0.5987738,0.28978455,5.1320477,2.697866,0.87186164
FBLN2,0.39929277,0.12418977,0.048857998,0.027284117,0.052446116,0.023743642,0.22975533,0.7098691,0.05591069,1.9352235,0.31032702,0.1821803,0.043528907,0.04386161,2.5338523,0.037477866,0.026616301
FBLN5,0.4046883,0.16478795,0.004362661,0.01591774,0.010782654,0.19763084,0.29835013,0.8229844,0.0,0.4439286,0.06520082,0.42404032,0.048601024,0.058752887,0.09088978,0.11400484,0.050683543
EFEMP1,0.61054033,0.51548296,0.005339289,0.00629437,0.0077833217,0.028602477,0.22072107,1.1899858,0.0,0.06600626,1.0463089,0.33261344,0.045576226,0.12822855,0.60185707,0.39194217,0.04630355
EFEMP2,1.9682883,0.3160353,0.36055288,0.33242977,0.13479494,0.003985838,1.2771709,2.488518,0.20898399,1.5025234,0.8112928,0.3496758,0.098903716,0.6349625,1.2858536,0.45393893,0.112313785
NID1,0.4279403,0.03600529,0.03384209,0.068750605,0.011174787,0.014803747,0.23576972,0.64004004,0.6183857,2.50945,0.7188234,0.104540296,0.02409952,0.07401107,0.9113122,0.15922303,0.016291901
NID2,0.01602836,0.37398478,0.0018083523,0.0041653826,0.0051767533,0.0,0.012243337,0.41824389,0.0,0.83769983,0.15770432,0.06450094,0.022700224,0.086937964,0.3410289,0.011846737,0.008226693
ELN,0.8487179,0.36459506,0.07351028,0.22017336,0.020044843,1.5422593,0.3302025,0.67603326,0.0,0.17423223,0.10440195,0.4533423,0.09394416,0.13945082,0.23214455,0.23893881,0.06656363
FBN1,0.27186093,0.6431658,0.054184433,0.07903925,0.027434893,0.005466126,0.1795722,1.1660993,0.0,0.82181,0.91026396,0.41552925,0.16024646,0.17195569,0.28517455,0.1512883,0.12539971
FBN2,0.2319392,0.4166481,0.07758496,0.13347413,0.017799063,0.2684347,0.19821902,0.7078842,0.10452534,0.2626067,1.495498,0.7117528,0.09625829,0.14839162,3.5272324,0.26063088,0.16708657
EMILIN1,0.20931034,0.04340864,0.010479607,0.02416229,0.035858333,0.013992888,0.09424489,1.1921897,0.0,0.41735762,0.14013204,0.0564658,0.026614016,0.037143473,0.42610544,0.037687864,0.029152079
EMILIN2,0.020061867,0.037808977,0.028053313,0.04064548,0.01084773,0.0018879948,0.019383801,0.14654419,1.0048176,0.06807223,0.09416536,0.07936391,0.02076069,0.050693586,0.43332237,0.02005526,0.0064319023
MFAP2,0.038436905,1.901888,1.0137882,1.2753695,0.16374949,0.103428416,0.19485556,1.2806736,0.11650047,0.6267003,2.3832126,1.2282121,0.34706166,0.032449424,3.948933,0.7320874,0.12066857
MFAP5,0.009943044,0.0032429888,0.0030960473,0.0018328365,0.003453876,0.004134185,0.006012646,0.08305902,0.0,0.018864809,0.0047065355,0.0063578314,0.0037534595,0.00344692,0.0144519545,0.0061330963,0.0037643262
ITGA1,0.016010426,0.034965735,0.0078116935,0.010756791,0.011990357,0.0057312613,0.01536741,0.20392944,0.0,0.4266977,0.07610152,0.031092428,0.019664425,0.018434118,0.1056628,0.03153997,0.012628731
ITGA2,0.60160077,0.17100267,0.5302692,0.80937934,0.044573653,0.024285752,0.6738923,0.086501524,0.0,0.2412807,0.22910939,0.16033354,0.023739653,0.09140132,0.07466153,0.45300457,0.034103986
ITGA3,0.60442734,0.1642779,0.055986207,0.05767209,0.1592712,0.039455574,0.3082642,0.42097703,0.049745522,0.239156,0.09325358,0.09594924,0.20306645,0.09918823,0.68561184,0.067120954,0.16699
ITGA4,0.003967935,0.011757028,0.011697264,0.016974583,0.005544876,0.01929569,0.00434751,0.13182548,0.98749626,0.586674,0.15082702,0.04239012,0.048230983,0.009420864,0.0307129,0.010429329,0.001369842
ITGA5,0.09555545,0.10124567,0.012337802,0.031558022,0.0031456654,0.005191383,0.056158297,0.33040842,0.29526305,0.19393489,0.51689136,0.14675735,0.027100038,0.023925215,3.1461334,0.08735643,0.0060764262
ITGA6,1.85536,0.79319584,0.29747725,0.61122507,0.077157065,0.4327744,1.0378742,0.6105494,0.05205083,2.177484,1.5503271,0.63209397,0.2095828,0.34058473,2.1271317,0.8550758,0.28557083
ITGA7,1.456808,0.293676,0.15948701,0.11989971,0.111021146,1.0269692,0.7236526,0.23861694,0.04601873,0.51229113,0.35333034,0.22890876,0.17514242,0.66130173,0.42127207,0.30195284,0.114899546
ITGA8,0.01944814,0.0065847985,0.015673745,0.010319191,0.021534137,0.012626985,0.020091582,0.27981684,0.0,0.09676581,0.09527229,0.034027856,0.028697535,0.009963824,0.28073534,0.008391892,0.01910423
ITGA9,0.04116759,0.03310763,0.025001395,0.010952142,0.03905142,0.0020054097,0.033075698,0.2356861,0.31132644,0.13739532,0.1392201,0.13840999,0.094981976,0.097637124,0.5554475,0.032214563,0.043890003
ITGA10,0.06145677,0.018137768,0.023768555,0.028080355,0.06323767,0.005748217,0.046006292,0.09938105,0.0,0.031267233,0.021542145,0.06784899,0.06800809,0.093073525,0.039584916,0.044346794,0.089227006
ITGA11,0.018499145,0.012032302,0.018986927,0.01852427,0.019932544,0.035040226,0.016840182,0.27473667,0.09661021,0.024354698,0.05626458,0.030622303,0.024991965,0.027538104,0.06646196,0.028510647,0.014747982
ITGAV,1.8648785,0.5100693,0.5398301,0.56077147,0.5099893,0.21266425,1.2885699,0.9551555,0.56988794,1.2873904,1.1126287,0.6050458,0.22468607,1.2736593,0.99895966,0.93091995,0.29414105
ITGAL,0.008697304,0.0010260672,0.0036515407,0.0027735746,0.0055462117,0.0020949203,0.0052426727,0.0057235276,0.7459295,0.0026327553,0.0058364146,0.008340289,0.0040676435,0.003334438,0.0048152125,0.0036557505,0.005225734
ITGAM,0.0050082337,0.0016355271,0.00032115696,0.0016473677,0.0031985994,0.0042363154,0.0031644697,0.003907113,1.1587894,0.0011171444,0.003287986,0.0038047894,0.0027503497,0.0035143557,0.0034910596,0.0024624383,0.0056605376
ITGAX,0.0033375188,0.0028371178,0.0015840605,0.0017454434,0.0026725344,0.0,0.0023056266,0.0040422175,0.21271215,0.057439633,0.002568057,0.004455779,0.0009147839,0.0018496811,0.0057771634,0.00080689555,0.0007582924
ITGAD,0.00055684353,7.0577225e-05,0.00036901602,7.373831e-05,0.0002238648,0.0,0.00013621504,0.002281977,0.0495031,0.001045024,0.000670996,0.0014299133,0.00058204215,0.00082992384,0.0018216259,8.655952e-05,0.00019001841
ITGAE,2.239624,1.7410996,2.164907,1.8631821,1.3247646,1.8142377,2.038774,1.9317548,1.411654,2.2105408,2.2442906,1.9277092,1.567742,1.98769,3.0039284,2.3636127,1.3797405
ITGB1,2.992693,2.0092645,3.0968213,1.8706183,1.1861942,2.3563719,2.77756,3.89877,2.5600944,4.8660197,3.4174814,2.4035764,1.4618062,2.5042224,4.881252,2.7876935,1.3449634
ITGB2,0.0021576143,0.00078950246,0.0007230792,0.00052303076,0.00233562,0.0,0.0018393309,0.0085939355,4.733671,0.003035759,0.005677896,0.006069431,0.003845254,0.0013042281,0.051568683,0.0009184016,0.0018351225
ITGB3,0.009992864,0.0028631354,0.0013534961,0.0010313272,0.005730139,0.0,0.00603558,0.034702186,0.0,0.012814835,0.010341793,0.022605183,0.008717087,0.015335352,0.0031978542,0.0026066378,0.0041250037
ITGB4,0.7258754,0.067482285,0.0052326,0.015959617,0.00533553,0.11204497,0.14387809,0.1615089,0.043408,0.11919859,0.03800741,0.06665923,0.009114002,0.019878408,0.0661466,0.015893599,0.0059106923
ITGB5,1.2931397,0.38806984,0.011672304,0.035654947,0.017461868,0.024802608,0.75464773,0.8904614,0.9883813,0.5892972,0.98598903,0.33321813,0.03229588,0.29684064,2.902725,0.16850975,0.034423053
ITGB6,0.031252068,0.03023901,0.0010720235,0.0057123564,0.0029143733,0.011994142,0.018898679,0.036512442,0.054061078,0.008758265,0.0065861223,0.042893723,0.013669744,0.0023927721,0.006559211,0.003277945,0.0035123292
ITGB7,0.018610435,0.015323201,0.00052192155,0.0019514586,0.0021013566,0.0015671208,0.006255212,0.027964061,1.6077877,0.0103758,0.004757418,0.01988382,0.0034623023,0.0028021308,0.013479913,0.0013835069,0.0011504395
ITGB8,2.4775789,0.51453495,0.93649286,1.0694778,0.40999615,0.45308796,1.8700848,2.459366,0.045817576,1.2711656,1.6368945,1.593722,0.49730387,2.0499966,0.33759734,1.4323621,0.48595133
ITGA2B,0.09971607,0.07343693,0.07652213,0.06838222,0.06545669,0.015248241,0.07113367,0.11254391,0.07526304,0.040253863,0.1505159,0.17179628,0.122601256,0.11435731,0.28530413,0.08677478,0.07239472
YAP1,1.4074274,0.95744187,0.4095395,0.8195397,0.04710595,0.33283445,0.9521047,1.7235367,0.053603724,1.0549489,2.1408708,1.3205649,0.0886327,0.56080335,3.4502733,0.9265473,0.04793003
WWTR1,1.5011166,0.6033364,0.05331317,0.090745315,0.04618136,2.0091197,1.0194955,2.3040614,0.0,2.6599438,0.82013214,0.8861864,0.10738807,0.65241784,0.7897747,0.6728052,0.13159542
LATS1,0.6909989,0.391233,0.69185615,0.5053848,0.65012014,0.24702932,0.5687845,0.6346325,0.40365702,0.3753629,0.8029671,0.55260736,0.51124114,0.6900691,0.9444315,0.69372165,0.6568748
LATS2,0.3528962,0.27978104,0.06615215,0.102627814,0.025247164,0.0443105,0.21368644,0.4398964,0.36129317,0.5388648,0.56929564,0.30806294,0.13467452,0.115179285,0.65442324,0.30273712,0.078771316
STK3,0.822113,0.40471983,0.5296959,0.46817854,0.056271024,0.18002275,0.64037085,1.275805,0.25309455,0.7160224,1.2666537,1.0306675,0.106045924,0.49838343,1.1011455,0.6155956,0.053696062
STK4,0.8330601,0.75246143,1.3615785,1.0761889,1.1869223,0.62369764,0.9208407,0.68462163,1.3935404,0.688225,1.4156312,0.8613993,0.7839129,1.140394,1.6706692,1.3470612,1.0371001
MOB1A,1.5383976,1.1757373,1.8390374,1.3983068,0.5935061,0.95393145,1.4129585,1.5676018,3.037592,1.3532532,1.9005328,1.2261145,0.6245939,0.91667086,2.9463382,1.7163333,0.6036025
MOB1B,0.99259317,0.46733385,0.5343696,0.40828943,0.49584183,0.4273897,0.6411041,0.9202897,0.33010584,0.49908763,1.1940637,0.8439182,0.49793956,0.825226,0.884286,0.68048316,0.6102238
SAV1,1.1356558,0.5862032,1.0343795,0.87802464,0.57562065,0.3429171,0.92033404,1.2631626,0.4671528,0.83406836,1.1978849,0.71123004,0.37112483,0.7359472,2.2946749,1.0352786,0.40154698
TEAD1,1.7963834,0.9469449,1.552445,1.0315042,0.4639153,0.5753742,1.3748261,1.7029412,0.10951954,1.7793126,2.2192204,1.5423913,0.78178275,1.7704737,1.995034,1.5715743,0.82274634
TEAD2,0.6387573,0.6407449,1.7896646,1.3667896,0.22509126,0.7872207,0.7663433,0.5950609,0.108370975,0.65321034,1.9688015,0.95707947,0.21087821,0.47075948,3.4196079,1.5175784,0.2474391
TEAD3,0.35322353,0.2187595,0.2959072,0.2714656,0.0617205,0.011940318,0.26168868,0.43409306,0.0,0.1617872,0.553272,0.32779652,0.1054732,0.17527214,0.7401104,0.37340412,0.05587551
TEAD4,0.04824565,0.07416033,0.1307149,0.13491346,0.033926193,0.10777125,0.04283848,0.091788046,0.063786864,0.1609075,0.28183833,0.08142917,0.01598142,0.03436986,2.0975006,0.11295019,0.009089969
NF2,0.99717873,0.49018016,0.68392795,0.45692858,0.688716,0.4504748,0.8049705,0.6925892,0.62623686,0.46717632,0.6898614,0.51807666,0.56373966,0.8615083,0.98885494,0.76753765,0.63489944
WWC1,1.06805,0.428764,0.37655464,0.47344273,0.58572626,0.30802238,0.53432125,0.24092588,0.0,0.075873874,0.32127234,0.4726772,0.15108076,0.21474335,0.44822675,0.19630872,0.08112979
AMOT,0.6985015,0.21458437,0.18452606,0.1250618,0.17542765,0.08006249,0.2954033,0.3041695,0.050144233,0.19284374,0.6215728,0.25540194,0.17550062,0.32096517,1.0156025,0.32245886,0.16033998
AMOTL1,0.7387212,0.40449822,0.75628275,0.41664436,0.5683088,0.29543963,0.5346697,0.87705016,0.0,0.60835856,0.94074273,0.6266968,0.41905576,0.47094208,1.9725728,0.6604527,0.54548144
AMOTL2,0.42878416,0.6812424,1.7844336,0.4762461,0.60718,0.22308165,0.3664861,0.24614929,0.0,0.48260522,0.78093123,0.4314864,0.49439865,0.57052207,1.5493147,0.65447265,0.5338142
TLN1,1.5644441,1.0416003,0.94734704,0.77322006,0.39185274,0.6790037,1.3718148,1.6101946,2.2812314,1.7330747,1.1401372,0.8477239,0.4018966,1.0527682,2.2298892,0.9395725,0.485679
TLN2,0.751534,0.503604,0.15650992,0.521579,0.5538973,0.061914325,0.6911594,0.62068677,0.09481282,0.4564829,0.79763883,0.5884534,0.4725112,0.47194526,1.8233,0.40410346,0.43292493
VCL,1.6792362,1.0110552,0.5934455,0.7770145,0.47920352,0.9957273,1.2058331,1.2206668,0.4298032,1.3802707,1.7223424,1.0245963,0.52649075,0.89844346,2.7769756,0.9012515,0.49070504
PXN,0.6322132,0.3116285,0.15554096,0.18401471,0.19202922,0.06779832,0.32525325,0.4147735,0.63991886,0.55164206,0.50467426,0.3019821,0.23541215,0.27707013,1.0679581,0.2711216,0.118310586
ZYX,1.0749731,0.6401046,0.76262313,0.7151599,0.5981392,0.99677354,1.1365784,0.90096515,1.5873871,0.6618095,0.98767686,0.8503804,0.6314771,1.2442521,1.8687748,0.92990935,0.6076672
FERMT1,0.015272807,0.016435262,0.0008691179,0.0050743097,0.0061510517,0.005711201,0.010738959,0.081324354,0.0,0.047211386,0.13192306,0.02441977,0.0098916665,0.1995618,0.494552,0.0151965385,0.008488741
FERMT2,3.5128062,0.8107101,1.5766739,1.5433651,0.76993394,0.88739765,2.453559,1.4592451,0.050397333,1.6073807,1.9267801,1.2919958,0.6373548,1.8339485,3.4996982,1.7534144,0.78566784
FERMT3,0.043983445,0.016112002,0.020230087,0.019299297,0.030119337,0.003742497,0.039522786,0.0402745,2.1095438,0.02040143,0.02152582,0.03228483,0.026980862,0.06503281,0.02790155,0.03990429,0.040823765
ILK,2.7294693,1.6864649,2.1920733,1.6940135,1.1618539,1.3694365,2.5890472,1.7608392,1.5430679,2.1220365,1.9479951,1.8676101,1.2023451,1.538759,2.92717,2.0937414,1.009507
PARVA,0.42072546,0.55510765,0.37996152,0.35843205,0.08399553,0.0080885505,0.45870566,0.8574011,0.0,1.0852488,0.9844783,0.45279127,0.20559825,0.3010928,1.6613617,0.4952003,0.123754606
PARVB,0.056181516,0.18216921,0.053327683,0.09201356,0.07965225,0.01673122,0.068086796,0.65499276,1.2016346,0.7303743,0.3135383,0.13901761,0.14098574,0.05139472,0.9599175,0.109748736,0.07024974
PTK2,1.732465,1.0831711,1.9318635,1.6315002,1.2715727,0.75664896,1.5164732,1.748794,0.10867481,1.6415573,2.6914847,2.0722513,1.4093498,1.7546518,2.9975035,1.8817052,1.2330198
SRC,0.3641508,0.2002209,0.5200128,0.26129577,0.47029346,0.11207056,0.34285757,0.24007714,0.2647022,0.20422484,0.41395926,0.2585548,0.38965634,0.3410151,1.1054945,0.534233,0.49256364
BCAR1,1.0015601,0.81484383,0.9183111,0.5222076,0.6885394,1.8857162,0.84762996,0.92027193,0.1423512,0.70424193,0.80561835,0.63934183,0.70213294,0.96306205,1.6125704,0.8230614,0.5808117
CRK,2.0922456,1.1331679,1.7062193,1.3660016,1.842324,0.97752094,1.8421048,1.3333491,1.114017,1.2169995,1.8392384,1.4206392,1.3868054,1.9702152,2.5936692,1.9781102,1.7228878
CRKL,1.0173737,0.34541282,0.79830396,0.66220874,0.5554044,0.28726533,0.81832933,0.65791565,0.46740466,0.48685515,1.108024,0.6337659,0.49555138,0.9086687,1.4795246,0.9660396,0.59545684
PIEZO1,0.21308051,0.06071017,0.014902077,0.019969579,0.011527627,0.16149338,0.11032314,0.23763789,0.19567233,0.360403,0.08566376,0.049013004,0.0094724065,0.09684097,0.24225293,0.031492677,0.010110582
PIEZO2,0.13425505,0.07771892,0.21287264,0.17141011,0.039864026,0.1775859,0.16186643,0.61240816,0.089138344,0.31634215,0.39901617,0.54171383,0.1055843,0.16918373,0.10386064,0.28366333,0.08382309
TRPV4,0.0033128427,0.20586102,0.002837855,0.0016631663,0.0017764488,0.0,0.0017992754,0.022219365,0.050903346,0.045390382,0.067271106,0.016241837,0.017304623,0.011071445,0.63632977,0.005879791,0.012956813
TRPC1,0.3713701,0.17843328,0.10925,0.15087406,0.2103957,0.14994319,0.2559821,0.52404743,0.0,0.24170648,0.6463441,0.63487905,0.44360173,0.31964192,0.4759834,0.3319165,0.27549255
TRPC6,0.0017373904,0.054669213,0.09252698,0.18684131,0.02243088,0.0,0.0018760301,0.06319395,0.0,0.006337311,0.013811095,0.008808535,0.007832982,0.004934764,0.19613233,0.004075376,0.0030343172
TRPM7,0.7559725,0.5762515,0.53488415,0.48285684,0.49624813,0.26005766,0.6273675,0.7790494,0.7632499,0.6452344,1.0426669,0.75962937,0.5042866,0.74173695,1.3303111,0.7188201,0.56907773
KCNK2,0.04185642,0.025769785,0.0375087,0.09158196,0.15367207,0.025471807,0.04270773,0.10548609,0.045760706,0.05363707,0.08921247,0.08815192,0.078330256,0.15206183,0.01377058,0.12769914,0.05257654
KCNK4,0.028479306,0.010465939,0.002542119,0.002126556,0.026330011,0.0019875048,0.019591438,0.037335563,0.0,0.015635068,0.004546996,0.019058203,0.029394345,0.019260872,0.0070882807,0.0036101835,0.011246132
TMC1,0.025224851,0.0044435193,0.00049437565,0.0026270852,0.003796866,0.0,0.011324128,0.018602274,0.0,0.010955316,0.012543104,0.02003652,0.0042648767,0.0009945089,0.0019226297,0.004300514,0.010247953
TMC2,0.0030589295,0.0033259431,0.0024206766,0.0038955866,0.014948372,0.002284299,0.0018793831,0.0063376497,0.0,0.0023476298,0.0036623583,0.008675406,0.01720403,0.013373459,0.010223336,0.0031989147,0.019182066
DDR1,4.35205,1.4745914,1.9941446,1.7065932,1.3386806,1.904062,3.1812544,2.3453422,0.16796124,0.44516107,2.1049178,2.3433836,1.4820222,3.3548582,1.4552019,2.5441914,1.7609637
DDR2,0.14824083,0.50040853,0.03577116,0.06944182,0.061937805,0.047128756,0.15142052,0.94922245,0.0,0.64704615,0.11988152,0.18184556,0.0764382,0.08826769,0.18659396,0.09878185,0.043227922
CD44,2.1144545,0.27719685,0.020044867,0.041383065,0.02401813,0.8024475,0.74523175,1.1140153,1.6612774,1.6976414,0.09129125,0.4698721,0.03790795,0.09115385,0.21392508,0.094188236,0.051373214
DAG1,2.455812,0.6502965,0.78766876,0.7830638,0.5674005,0.5665752,1.5673987,1.4727745,0.15973276,2.2891827,1.4824085,0.94858485,0.46972188,1.1809816,2.4310172,1.0938934,0.5028454
RPSA,6.4732056,6.3419943,7.508065,7.425937,6.7413235,7.76107,6.8499265,6.069718,3.441009,6.4072337,7.359038,6.15931,4.8533807,6.8208704,8.005524,7.3277993,6.7269325
BCAM,0.33393428,0.9340006,0.18564777,0.4310617,0.08641119,0.044052884,0.25493887,1.1052153,0.2112994,0.1621461,1.0102484,0.4421673,0.16177477,0.14623378,2.403111,0.48296878,0.082401015
HMMR,0.09941145,0.26224956,1.4526695,0.678253,0.040354565,0.13682668,0.3415455,0.13515404,0.6455503,0.31004673,1.3504981,0.5542108,0.078386895,0.28956175,2.5327282,1.2199382,0.057023484
LYVE1,0.009850325,0.00094926875,0.0,0.0006628281,0.0005344007,0.0,0.001772512,0.012496492,2.1694796,0.032051727,0.005739293,0.01980628,0.0033656564,0.005580758,0.0018311447,0.0018378301,0.001441438
MMP1,0.00092068536,0.003052917,0.0,0.00021046768,0.0006564424,0.0,0.0015351677,0.029511314,0.11012918,0.0054507353,0.0010067155,0.0013526685,0.009274458,0.0009872706,0.0016236962,0.0011558702,0.0021913091
MMP2,0.42943442,0.44096616,0.005541514,0.0076938393,0.012299214,0.21275252,0.25328335,1.2174687,0.3184098,3.1839526,1.2842702,0.35804495,0.11051,1.2304369,3.4786775,0.17755301,0.1545116
MMP3,0.00017561251,0.0026651155,0.0,0.0008495738,0.0023015891,0.0,0.0010869119,0.0051780604,0.0,0.0005369421,0.007517442,0.0034240251,0.0020201309,0.0011516247,0.02854887,0.0020459085,0.0011936205
MMP7,0.043330792,0.0014993326,0.0006627684,0.0018598494,0.0012337671,0.0,0.041408833,0.019053737,0.0,0.0004944438,0.00034226343,0.0025194376,0.0020603412,0.0033651367,0.0,0.0035017463,0.0022849168
MMP8,0.0001071592,0.0,0.0,4.722944e-05,5.2692252e-05,0.0,0.0,0.0,0.0,0.0,8.79728e-05,4.3147622e-05,7.821567e-05,0.0,0.0,0.0,0.00021932415
MMP9,0.005096361,0.014006372,0.0042972732,0.012546778,0.020171821,0.0,0.007580754,0.0697716,0.9942076,0.015962314,0.052122068,0.020120434,0.015479041,0.009221164,0.16184983,0.010838614,0.013405069
MMP10,0.0018869844,0.016947262,0.00031998765,0.0005637071,0.0032806243,0.0,0.004124016,0.03605337,0.0,0.005257037,0.0013943376,0.010727896,0.02647317,0.003390441,0.0,0.0008982227,0.00327938
MMP11,0.087185875,0.08681504,0.093803756,0.106241554,0.16200641,0.018861955,0.08171044,0.40828586,0.052914746,0.20758413,0.39196545,0.1315482,0.06625602,0.02405963,0.43178943,0.12142097,0.07878429
MMP12,0.0,0.0,0.000302503,2.084862e-05,0.00015687665,0.0,4.927783e-05,0.0005392087,0.07324699,0.002235273,0.00015868437,0.0012191944,0.00061326125,0.0,0.0,0.00017288991,0.00022460023
MMP13,0.00026712543,0.000120007455,0.00029897824,0.00015507943,0.00031412044,0.0,0.0001523092,0.0034999575,0.0,0.0,0.00030825523,0.00030061495,0.00022079614,0.0,0.0,0.0002516269,0.00014480924
MMP14,1.3269826,0.26746786,0.13005303,0.066672,0.029784473,0.13973609,0.5298466,1.1857479,2.0021021,1.4064623,0.17447147,0.18278094,0.034227706,0.17924139,0.59758675,0.1443438,0.046797577
MMP15,1.2079107,0.2572561,0.35086277,0.28387398,0.4095443,0.19605373,0.8951234,0.24456017,0.2577737,0.6923567,0.43896037,0.43755066,0.438094,0.3236952,2.110497,0.6844859,0.35938784
MMP16,0.49478838,0.2424261,0.6061862,0.26931173,0.6855597,0.37145978,0.4563656,0.75651675,0.043761373,0.3559466,1.1065432,0.7057562,0.76838326,2.1479933,0.37656826,0.6631343,0.63210475
MMP17,0.31663394,0.109250695,0.14508805,0.1577963,0.34296283,0.034480784,0.2765693,0.9595434,0.05247451,0.91794986,0.29129994,0.24472365,0.4115181,0.37364733,0.52633756,0.14995188,0.288588
MMP19,0.027823916,0.011333905,0.0057259123,0.007161462,0.0066077076,0.004123727,0.015272413,0.06333913,0.045730345,0.05519383,0.01684191,0.02024417,0.01001121,0.041620854,0.031395677,0.010335669,0.009817259
MMP24,0.06089269,0.121409714,0.048615135,0.016919948,0.4119604,0.033102937,0.05882881,0.09892276,0.0,0.04614566,0.10271249,0.10778358,0.3984976,0.19005424,0.04107375,0.09315003,0.41330966
MMP25,0.025691753,0.01252327,0.0030304033,0.0032209326,0.007041556,0.0,0.009582589,0.020569894,0.08743687,0.003394383,0.018771343,0.007827983,0.008574907,0.011880816,0.11797278,0.0075621894,0.0065851402
MMP28,0.3009377,0.025195407,0.023965416,0.028283216,0.076344356,0.007770436,0.25642812,0.067922115,0.045760706,0.06995457,0.020250434,0.030760907,0.023632517,0.03724883,0.007351476,0.036749613,0.030498946
TIMP1,3.7567725,1.9762465,0.7304435,1.5034058,0.20283337,2.3765266,2.7433257,5.5957565,4.5670443,5.4727373,3.0478344,2.3423817,0.5871979,2.0369637,5.029521,1.5859628,0.36189696
TIMP2,4.3037214,1.2318673,1.4797019,1.0279285,1.2559631,0.31232968,2.8166158,3.669176,2.283737,3.5921843,1.1495967,1.3075416,1.2070738,2.203457,1.4163793,1.5618054,1.4039465
TIMP3,2.395229,0.9483,0.118294634,0.28349158,0.14444157,0.15268683,1.2683109,1.2022363,0.0,3.0636086,0.63455397,0.48464912,0.22266586,0.43620834,0.56367534,0.41454893,0.111897245
TIMP4,0.22799167,0.002381234,0.0006202104,0.0023383198,0.0021619007,0.0020106514,0.07017422,0.15760806,0.0,0.04806609,0.054456487,0.052941754,0.00823467,0.32777607,0.099927776,0.0080778925,0.0054609887
ADAM10,1.2201827,0.8180899,1.0752363,0.8920118,0.8278379,0.6491136,1.0285333,0.9747747,1.1068182,1.196806,1.8843141,1.2420521,0.9236483,1.0543349,2.9274635,1.2209557,0.74168617
ADAM17,1.8071073,0.8617922,0.89757895,1.0076966,0.70447725,0.85482925,1.4901932,1.3438973,1.0269074,1.1649089,1.802816,1.4222978,0.87750983,1.3257487,1.9139616,1.4833724,0.9281683
ADAM12,0.26681316,0.3596184,0.022705292,0.051035907,0.016514696,0.10430851,0.145269,0.8405296,0.0,1.043736,0.33154106,0.33936664,0.18578362,0.27518323,0.32159102,0.12496837,0.047134556
ADAMTS1,0.60023797,0.7198583,0.051910713,0.23653951,0.042978425,0.052701898,0.48255476,0.80962634,0.0,0.6760902,0.44979218,0.33553308,0.060443934,0.17073005,1.0717479,0.2535993,0.069251776
ADAMTS2,0.0855283,0.040110692,0.051644664,0.11991609,0.05684694,0.00765484,0.06844328,0.302107,0.0,0.47896758,0.23049666,0.13852808,0.08957823,0.074430086,0.16239636,0.086867966,0.031663142
ADAMTS4,0.057931244,0.048710205,0.016399847,0.023916513,0.12119644,0.44092175,0.070219986,0.17134243,0.041619293,0.4145956,0.055734616,0.047057416,0.077232346,0.10166555,0.15718827,0.046300247,0.060686078
ADAMTS5,0.049474895,0.15977575,0.07131084,0.026547996,0.12069196,0.0022141684,0.03220343,0.20701756,0.0,0.23922633,0.028868383,0.06162924,0.10972394,0.059467193,0.029195562,0.01930103,0.084913425
ADAMTS13,0.16212355,0.06479845,0.034427263,0.036852352,0.087065525,0.049937576,0.09086728,0.10841474,0.0,0.060483105,0.11254563,0.08864342,0.08706206,0.064552754,0.15291911,0.059507474,0.06784954
LOX,0.64059544,0.1601359,0.080602415,0.18385464,0.06393312,0.013063211,0.6633689,0.9197944,0.04601873,0.14997828,0.07553502,0.24774025,0.04904943,0.15525588,0.0852188,0.65111244,0.17203702
LOXL1,0.59273916,1.1186088,0.3236392,0.25814772,0.12883216,0.021241313,0.64355385,1.0268608,0.24117036,0.84190387,0.9419427,0.45561886,0.43471217,0.21539252,1.2299119,0.4794361,0.09541136
LOXL2,0.09791775,0.046518743,0.03469457,0.03483632,0.05495378,0.01241973,0.06418637,0.6759523,0.0,0.63689566,0.4274747,0.16529885,0.095542654,0.10877174,0.8991473,0.09962016,0.05347885
LOXL3,0.29320145,0.24993472,0.1924101,0.19485943,0.10526877,0.11506898,0.23812465,0.393589,0.54614764,0.70574856,0.54885495,0.3148394,0.13527577,0.26724336,0.17446366,0.29283,0.09867246
LOXL4,0.016805561,0.022697372,0.0036273855,0.0051081656,0.0012324668,0.0,0.011093232,0.056816213,0.0,0.041163716,0.028310642,0.02267323,0.014009001,0.008368291,0.03951557,0.010937505,0.0017715507
TGM2,0.018073253,0.010140203,0.007307328,0.00512663,0.004840393,0.0,0.011709469,0.12235949,0.22475609,0.03906074,0.028986307,0.018419413,0.0053097764,0.011707859,0.08619161,0.011063559,0.0028802336
CCN1,0.046890516,0.50497454,0.035776485,0.15339252,0.01768764,0.0,0.10711719,0.22055373,0.0,0.19582754,0.36917892,0.25811753,0.023203086,0.0697301,0.027998434,0.18022215,0.013274693
CCN2,0.0057946946,0.5423121,0.005848681,0.03293077,0.0076069543,0.0,0.008259832,0.10266198,0.0,0.054700315,0.3575305,0.27416837,0.032582413,0.006179605,0.022449132,0.0323783,0.009271025
CCN3,0.020306889,0.15058795,0.003916424,0.016966483,0.053088155,0.0,0.026670448,0.051185936,0.0,0.017974649,0.0100891255,0.088461235,0.032074075,0.00913961,0.0,0.021882819,0.017559884
CCN4,0.0030985735,0.00025535072,0.0,0.0,1.0227222e-05,0.0,0.00093847833,0.033354335,0.0,0.006104512,0.0013351861,0.010410348,0.002103092,0.0,0.0,0.0,8.630143e-05
CCN5,0.0013944005,0.0025632912,0.00058096874,0.0030923341,0.0041852864,0.0,0.003246651,0.011999988,0.0,0.0027638283,0.0020936916,0.008018104,0.011453038,0.000986336,0.0,0.0022619094,0.009592864
CCN6,0.0008393095,0.00035083847,0.0,0.00011586037,0.00028155374,0.0,0.00019386533,0.0050751353,0.0,0.0020985126,0.0024680498,0.0028162878,0.0015978893,0.0016635852,0.0,0.00019422673,0.0005402271
TGFB1,0.8314477,0.118814774,0.28605112,0.11043115,0.10448924,0.055459797,0.43661904,0.9981288,1.6126121,0.3615648,0.33640236,0.23684339,0.10841772,0.1767054,2.7379956,0.15512684,0.066014044
TGFB2,1.2894902,0.166895,0.01484166,0.03663224,0.10470504,0.36402878,0.7041052,1.5911466,0.05002997,0.26008967,0.3947228,0.5205334,0.099985495,0.9754704,0.06441502,0.20398231,0.20546304
TGFB3,0.18723375,0.1222051,0.07189604,0.036442876,0.06198227,0.11617898,0.10824849,0.40523902,0.041619293,0.03146203,0.02796617,0.05488141,0.03552167,0.07385305,0.043343626,0.051398527,0.047458578
BMP1,0.45766377,0.16722906,0.14233778,0.16297498,0.13040414,0.2225055,0.28509256,0.8662412,0.09174907,0.50572145,0.38414407,0.23348783,0.11734439,0.2913138,0.4991671,0.28346533,0.16563836
BMP2,0.03522991,0.21214534,0.029220643,0.06372932,0.03217677,0.0,0.046300992,0.17050353,0.23563805,0.033060748,0.22748409,0.13283691,0.057397567,0.3949786,3.1275399,0.04707282,0.12684654
BMP4,0.07037282,0.59549266,0.00027782124,0.004753591,0.009790718,0.1703107,0.015102702,0.2859635,0.0,0.09053511,0.18340121,0.073120594,0.021301432,0.017492767,1.3989518,0.029437827,0.006447838
BMP7,2.5162284,1.6330903,0.76139647,0.8543443,0.17069578,0.36740068,2.0637217,1.0486071,0.0,0.45838556,1.3500315,0.8573148,0.2509892,1.2943208,2.1644022,1.3160756,0.37075463
LMNA,2.7131014,1.4612281,0.8804672,0.80080307,0.7930934,1.8251308,1.9157784,3.0925686,1.9504058,3.860882,1.6321816,1.5528283,0.99715865,1.4485009,2.204029,1.2023476,1.0618446
LMNB1,0.40911737,0.90905917,4.1041355,2.667199,1.07899,0.20815381,1.1819731,0.3621746,0.28106302,0.6430164,2.3884096,1.2881163,0.90917355,1.4580965,3.1045444,3.142809,1.0350772
LMNB2,0.4473451,0.48166314,1.619246,0.8985399,0.42935684,0.31818163,0.6206276,0.41774282,0.40199822,0.5208567,1.321022,0.68873423,0.4388142,0.7682341,2.2546794,1.4329009,0.4930272
EMD,1.740349,1.263909,2.136018,1.6765546,1.3605303,1.3031867,1.9172186,1.9165385,1.6343594,1.4365593,2.1145844,1.5039519,1.1186191,1.4449592,2.8000982,2.0147812,1.3105202
SYNE1,1.7391894,0.8496974,0.41559827,0.5234371,0.72139233,0.15433168,1.4184731,1.3709593,0.15068348,0.9448877,0.58600384,0.8047982,0.7483977,1.7474174,0.22411586,0.90350145,0.93873453
SYNE2,2.5202148,2.938189,6.201833,5.2062707,2.5204887,0.39032042,3.6211612,0.8481365,0.31021786,1.357555,3.291586,1.9767529,1.4903775,2.3982718,2.516255,4.6560507,2.6307435
SUN1,1.4653757,1.0416224,1.2185309,1.0199445,1.2317735,0.9433871,1.2031239,1.6543059,0.50984186,1.068109,1.421305,1.2361902,1.0714823,1.211733,1.6959953,1.2796396,1.143799
SUN2,0.38622397,0.24294183,1.0055592,0.35153615,0.97097147,2.4085674,0.4475658,0.36704808,0.5226948,0.46385136,0.35780162,0.36885023,0.655873,0.55080223,0.43495023,0.75782156,0.7596685
ACTA2,0.4067212,0.26790714,0.016064262,0.05179407,0.022058412,3.8430758,0.3376632,0.84039426,0.050578825,0.3894663,0.41080487,0.6437047,0.07579285,0.13395141,0.35358524,0.23448578,0.047052782
ACTB,7.7551937,7.4059777,8.227663,7.6654077,7.950196,7.4772363,7.782776,7.2305975,8.269867,7.6831436,7.020366,7.5154133,7.3959136,7.828065,8.127177,8.197197,8.00224
MYH9,0.73950607,0.67350703,0.47410485,0.3080701,0.27497074,0.29954362,0.5341689,1.084124,1.8375844,1.0147353,1.4147823,0.489247,0.23298295,0.37676227,2.3583891,0.5662365,0.29341966
MYH10,1.8410419,1.7400533,3.3625166,2.2994745,1.7988924,0.81799656,1.8557297,1.7879554,0.27244097,1.5267801,3.4986348,2.1155548,2.0063844,2.118669,4.2871203,2.8808997,2.0963902
FLNA,2.5249908,1.6554445,1.3658303,1.3330814,0.5866579,1.9731865,2.0837395,2.138414,0.45869678,2.3951733,2.4313056,1.5547239,0.48214486,0.9048889,3.6176193,1.7835795,0.6046304
FLNB,0.14609334,0.70017546,0.24267496,0.3127237,0.346304,0.28151453,0.25301066,1.1704735,0.42337024,0.6185473,1.0044241,0.58020663,0.33109507,0.2842785,2.2487695,0.36358553,0.24957028
SRF,0.5846658,0.31029803,0.3615401,0.27468076,0.33317062,0.61407775,0.38905385,0.31673908,0.4997279,0.28268385,0.46607545,0.35435954,0.24282718,0.48328635,0.94996965,0.5324805,0.37828967
RHOA,5.4294624,3.179174,4.4098053,3.8886583,2.475262,3.4240706,4.8000736,4.626585,5.4408636,5.019468,4.5480366,3.698738,2.4628656,3.8597932,5.911214,4.5290403,2.446507
ROCK1,1.7638108,1.1421055,2.6524878,1.8742912,1.5727829,0.6523489,1.6897728,1.3914667,1.490019,1.5687472,2.5077507,1.506479,1.4661942,2.130452,3.3600938,2.2790046,1.8640618
ROCK2,1.8588475,0.8233559,2.0508957,2.003272,1.5918552,0.44607624,1.8667839,1.3367271,0.90496355,1.4903921,1.9403726,1.233919,1.2291254,1.8641866,2.1504467,1.917266,1.4407402
RAC1,6.0958877,4.731166,5.6119947,5.1808395,5.4616218,5.906838,5.8756022,5.099959,5.8591743,5.2328396,4.974703,4.7693815,4.6219625,5.456823,6.045858,5.3413057,5.1275992
CDC42,4.430134,4.0346174,3.750585,3.2666183,5.155205,3.290267,4.2331553,4.4173956,4.2746916,3.8067448,4.20349,3.7103024,4.880094,4.4209976,5.4543943,4.6498137,5.195643
