,0-7d,7-14d,14-30d,30-60d,60-90d,90-120d,120-180d,180-270d,270-365d,365-450d
COL1A1,0.08388033,0.38744995,0.2645138,0.14492553,0.2783414,0.16568698,0.19852011,0.018654605,0.009853029,0.04116836
COL1A2,1.0386673,0.7775364,0.60251683,0.27368334,0.48991957,0.28480083,0.24650782,0.029808084,0.0,0.259821
COL2A1,4.021841,1.5128652,1.676325,0.25685576,0.094787285,0.028876906,0.01250363,0.0017883871,0.02465215,0.06606555
COL3A1,0.0030921078,0.008072897,0.06231376,0.123734035,0.26732716,0.15398511,0.19021659,0.0023800726,0.0,0.13071492
COL4A1,1.5235732,2.0003421,0.6197792,0.24338767,0.35121155,0.25460204,0.4953973,0.49146324,0.09929495,1.4038948
COL4A2,2.875354,1.7963566,1.3518043,0.7595147,0.7343799,0.50519645,0.6915913,0.54378164,0.31375298,1.8090016
COL4A3,0.057832226,0.00088886824,0.012894052,0.0066270432,0.015930232,0.015081426,0.024989178,0.0001391789,0.0,0.0
COL4A4,0.034329236,0.025037972,0.023236549,0.015349056,0.021700488,0.014236838,0.018805666,0.0015830761,0.0,0.042703923
COL4A5,3.7709112,2.0854013,1.3933052,0.5581821,0.61428404,0.39815104,0.65889484,0.36810726,0.14140871,1.237061
COL4A6,2.4197366,1.8838847,1.2003323,0.5895619,0.35419667,0.24383676,0.3067795,0.15063964,0.024015542,0.88788646
COL5A1,0.48838818,0.20223953,0.19111273,0.14711444,0.23470694,0.14423703,0.16574305,0.050031874,0.00941418,0.09260357
COL5A2,0.49122083,0.24768303,0.36663106,0.17421678,0.23522149,0.15740687,0.28506082,0.16513048,0.020976227,0.37604886
COL5A3,0.04581669,0.100646056,0.033102747,0.02221063,0.044302613,0.040287506,0.10162702,0.208792,0.023476845,0.22488421
COL6A1,0.8014363,0.88060695,1.5958787,1.1082692,1.2776859,1.0011444,1.0628599,0.6651909,0.47624525,0.9350506
COL6A2,0.15518099,0.48921975,0.5208317,0.41369244,0.80165184,0.65651065,0.5038231,0.15041706,0.06587649,0.3856228
COL6A3,0.005358005,0.02247813,0.028578173,0.051453892,0.11519654,0.06175426,0.06492803,0.004147112,0.0060238005,0.0
COL6A5,0.0015958098,0.0008150756,0.0011137266,0.000995156,0.001348681,0.00089085236,0.0013310867,8.584963e-05,0.0,0.0
COL6A6,0.06999392,0.011183273,0.02884884,0.010159007,0.02899844,0.017015804,0.022024112,0.0,0.0,0.04521546
COL7A1,0.13559376,0.11913814,0.12984411,0.10257039,0.13294548,0.12530063,0.18696703,0.11500659,0.0251146,0.06401439
COL8A1,0.012986479,0.0038430318,0.03633535,0.017453253,0.038696554,0.03680952,0.031043498,0.0023266987,0.0017159055,0.37032768
COL8A2,0.0045939656,0.0067578875,0.014060946,0.02629665,0.021800032,0.015386864,0.016756216,0.0011139356,0.0,0.0
COL9A1,0.67399204,1.3459771,0.5751881,0.2795677,0.16502635,0.08519732,0.101134166,0.049927734,0.07804271,0.14830351
COL9A2,0.12524231,0.31157237,0.31451416,0.23152024,0.20632282,0.100023545,0.11732437,0.065148056,0.043884806,0.058881547
COL9A3,0.048401035,0.7306005,0.15956269,0.343385,0.5356323,0.59414357,0.38985842,0.31912476,0.0054686167,0.12359279
COL10A1,0.2043687,0.003167288,0.0245312,0.0041322783,0.014511403,0.010256942,0.014473425,0.00091402396,0.0,0.0
COL11A1,1.3762437,1.3185692,0.6837052,0.5795748,0.58021605,0.48881376,0.7784436,0.84777814,0.113675445,2.5850446
COL11A2,0.081820115,0.019353034,0.035448126,0.03798519,0.054138478,0.060941707,0.09190869,0.03373621,0.0074700946,0.0
COL12A1,0.02333779,0.032591175,0.045223456,0.05369125,0.10080782,0.064882785,0.1021474,0.0020791765,0.0,0.021829061
COL13A1,0.22206108,0.4706377,0.0746697,0.024360426,0.036416646,0.019858504,0.011140499,0.0011391701,0.02475114,0.0
COL14A1,0.24308208,0.56256974,0.032850396,0.043110788,0.08641283,0.06619098,0.07615935,0.00093742844,0.0,0.06974195
COL15A1,0.026748624,0.015206122,0.011689521,0.019677782,0.037139907,0.027284048,0.05179858,0.0009948377,0.0,0.0
COL16A1,0.010803353,0.12032851,0.029530827,0.1015905,0.19506156,0.1400269,0.15604717,0.10835646,0.015826942,0.0628025
COL17A1,0.022590155,0.17464949,0.027988235,0.008716199,0.013150174,0.008922215,0.017134305,0.0031735704,0.0,0.38521507
COL18A1,2.1936522,2.14517,1.0287125,0.46229464,0.42226478,0.28494436,0.29666013,0.06804,0.029362202,0.1376344
COL19A1,0.027875949,0.007867711,0.024262298,0.021558238,0.04235775,0.02267608,0.02805559,0.02811765,0.0,0.0
COL20A1,0.0045001437,0.0049703345,0.014091193,0.013245697,0.020904599,0.017169544,0.03183364,0.0026352897,0.012120157,0.0
COL21A1,0.20055178,0.094834566,0.051882528,0.055838868,0.1134103,0.053551614,0.11070336,0.0027105762,0.0,0.26680452
COL22A1,0.075235374,0.02642882,0.06439912,0.020741515,0.025248349,0.026648337,0.06451761,0.09890817,0.0022305797,0.0
COL23A1,0.7572711,0.08679344,0.26109374,0.060669646,0.23451877,0.20429847,0.15560105,0.010759321,0.009024628,0.19153528
COL24A1,0.022206424,0.011439245,0.07963483,0.0439175,0.04775103,0.01898797,0.026228769,0.0010995182,0.0037645395,0.078685746
COL25A1,0.4481305,0.078888975,0.14715603,0.086894944,0.15959173,0.13068482,0.14998503,0.024515046,0.019834124,0.095888555
COL26A1,0.77135384,0.95503455,0.3947298,0.17770647,0.14712216,0.13376504,0.13394304,0.024786785,0.03474007,0.0
COL27A1,0.7933332,0.6670624,0.3577226,0.12572187,0.23956637,0.16920665,0.27820328,0.21050934,0.031830575,0.4824519
COL28A1,0.081770696,0.014241338,0.059234727,0.018406909,0.047856808,0.023753718,0.054299857,0.0113317855,0.0038942487,0.1063478
LAMA1,2.368409,1.7795303,0.737261,0.17347294,0.1748449,0.12284662,0.21806209,0.09983868,0.042213544,0.89282453
LAMA2,0.09623415,0.057633873,0.06476803,0.049983073,0.13226509,0.07485579,0.13040191,0.007309563,0.0018399175,0.31660593
LAMA3,0.018199828,0.007192169,0.033727802,0.038096953,0.047619894,0.03519413,0.05120983,0.009018892,0.0,0.17247763
LAMA4,0.046166185,0.07416503,0.1268798,0.1161565,0.20336142,0.16137148,0.36324057,0.5032619,0.013488676,1.8209083
LAMA5,0.47933924,0.6636625,0.36012128,0.22241083,0.27079555,0.24197906,0.39826074,0.49638218,0.11065416,0.44080058
LAMB1,1.2021775,1.774087,0.47045657,0.3065211,0.3221991,0.30981347,0.33170763,0.11311632,0.13587803,0.6225602
LAMB2,0.57842594,0.45862383,0.49096933,0.23272012,0.36504048,0.25972554,0.518426,0.74736345,0.118227944,3.6775167
LAMB3,0.0013239204,0.0023358064,0.008972684,0.03331839,0.029921422,0.015057687,0.017087698,0.02813954,0.0,0.0
LAMB4,0.038668472,0.0020173746,0.09665017,0.026329732,0.054149102,0.03437368,0.064187884,0.016986923,0.0036376186,0.81042165
LAMC1,1.1311873,1.9003743,0.5969759,0.2736258,0.41342527,0.37593937,0.5873832,0.47461665,0.20441042,2.1535285
LAMC2,0.0076429383,0.046723474,0.033191264,0.027400348,0.025741467,0.038922444,0.05660135,0.023852501,0.0020781318,0.3627983
LAMC3,0.008846879,0.021368396,0.018761052,0.009849612,0.02199804,0.009290978,0.009935712,0.0013007143,0.008557206,0.04059273
ACAN,0.019603299,0.014026857,0.014378974,0.005476334,0.0064027547,0.013146233,0.012705309,0.007464654,0.0,0.046912406
VCAN,4.8192167,3.9139924,2.7012258,2.4498808,2.3435814,2.223006,2.2939658,1.2173493,1.185586,3.2749193
NCAN,0.24326344,0.5618539,0.59002644,0.8938447,1.3060538,1.6227525,2.1667733,1.905923,1.0634601,2.98533
BCAN,0.026959516,0.08694643,0.07088304,0.2596219,0.74717516,0.8000254,2.1008954,2.7980478,0.93124837,4.1367526
DCN,0.0065860944,0.0057676523,0.06530068,0.14868723,0.49715778,0.51912546,0.21964523,0.0050476287,0.0,0.10146704
BGN,0.06548574,0.041411392,0.07810358,0.05812585,0.07340811,0.061692767,0.05973641,0.098797925,0.0060764533,0.1928075
LUM,0.0075622527,0.025183186,0.17594114,0.15439312,0.3355072,0.3190657,0.16251424,0.008811143,0.0,0.09301673
FMOD,0.00984931,0.003986893,0.00808565,0.009874885,0.014996071,0.006863163,0.0030292391,0.0032784175,0.0,0.0
PRELP,0.082981005,0.12926798,0.071713954,0.024655582,0.045117524,0.038456347,0.046388127,0.014630559,0.003852381,0.16740777
OMD,0.15881611,0.0017013333,0.018302517,0.0067180935,0.014565102,0.011419463,0.014294302,0.00063020654,0.0,0.0
OGN,0.18259624,0.0019805585,0.026038282,0.0264201,0.061426,0.037934307,0.054475833,0.0024163937,0.0021049085,0.0
ASPN,0.2358143,0.008481221,0.029655306,0.025888938,0.04056895,0.024159582,0.03080916,0.0035999508,0.0,0.0
CHAD,0.004138856,0.0,0.0012856197,0.00031604242,0.0013601278,0.0009767988,0.0033285643,0.0,0.0,0.0
KERA,0.0,0.0,0.00057454355,0.00085129787,0.0017191285,0.0020420959,0.0018203654,0.0,0.0,0.0
OPTC,0.0044459105,0.09119237,0.016719934,0.003430234,0.0025312859,0.0016143824,0.0020559577,0.0009412662,0.0,0.0
EPYC,0.00055318244,0.0,0.00085559435,0.00093713065,0.0021703555,0.0018887214,0.000575898,0.0,0.0,0.0
HSPG2,1.0568895,0.77935755,0.38291538,0.13440771,0.13999374,0.09358006,0.10522842,0.07969628,0.024747306,0.0
AGRN,0.9467324,1.1233269,0.79562634,0.5864663,0.75270224,0.5383922,0.5209887,0.4607933,0.2823954,0.22389889
SDC1,0.8373235,0.92046845,0.46324587,0.2193959,0.19132327,0.13904753,0.1157867,0.04191569,0.08023032,0.12711103
SDC2,2.4424398,2.705737,1.4390527,0.7363852,0.9958742,0.64962965,0.94364214,0.9259346,0.21844587,4.3460407
SDC3,0.5578299,0.78176063,0.70217204,0.5973696,0.9132554,0.79573494,1.315617,1.3108566,0.6691033,2.3050208
SDC4,0.16459377,0.8750437,0.3397872,0.088378325,0.087169655,0.08091112,0.13779873,0.15863195,0.025921352,1.4741834
GPC1,0.7659641,0.77013665,1.0872458,1.4824964,1.2483466,1.081306,1.2437999,0.8188019,0.46392256,1.8961326
GPC3,1.5149037,6.050425,1.2618374,0.51936454,0.39619613,0.1378834,0.1617594,0.023598516,0.0,0.18243249
GPC4,0.25899023,2.7795262,0.85592884,0.82398325,0.7619564,0.536629,0.5443363,0.39340675,0.19059324,2.3423579
GPC5,0.73511213,0.0043024933,0.16885774,0.047045045,0.08758841,0.058213014,0.10003633,0.011688228,0.0020781318,0.82467884
GPC6,4.8787766,1.0881355,1.2294322,0.63107526,0.729358,0.6103702,0.8290662,0.43140382,0.3168462,0.729057
FN1,1.3206384,1.1300843,0.7627639,0.22597633,0.3263058,0.24295628,0.32641205,0.14436701,0.032966007,0.5385834
VTN,0.042041097,0.0066553904,0.12295135,0.014919932,0.021895127,0.035652064,0.011021645,0.0025253077,0.0,0.0
TNC,0.69986427,1.3867052,0.11147847,0.1623921,0.54798836,0.5998705,1.3817215,1.7714701,0.40518525,4.2382073
TNR,0.0024728412,0.0022032661,0.023023287,0.06453394,0.13592623,0.18006791,0.11468721,0.041837092,0.022014512,0.0
TNXB,0.100041464,0.039664816,0.08194568,0.035945702,0.096651286,0.07096808,0.048697356,0.030482747,0.025262574,0.16525938
THBS1,0.043145545,0.18442062,0.05957893,0.043777708,0.06825534,0.11061202,0.14782766,0.15467381,0.0334473,1.1404651
THBS2,0.044473395,0.10339437,0.046882745,0.07248422,0.1743309,0.17351057,0.2607238,0.2608633,0.082453735,1.9540902
THBS3,0.37165073,0.51282126,0.5084747,0.24735023,0.2169031,0.146223,0.21295664,0.17674986,0.12151786,1.7663492
THBS4,0.71352744,0.6107409,0.21996003,0.08618675,0.14725916,0.10724778,0.1359748,0.063788764,0.05140813,1.3242626
COMP,0.0051990566,0.005715532,0.019346284,0.02152252,0.013109894,0.016145198,0.023117684,0.0056263115,0.0,0.0
SPP1,0.012402298,0.17343807,0.12308339,0.07952103,0.075217165,0.15973349,0.30574447,0.69525826,0.07704539,1.9553866
SPARC,1.8011116,3.0568986,2.7019007,1.4611076,1.5007734,1.2621349,1.9783434,1.7582942,0.83093876,5.088936
POSTN,0.005647217,0.008162754,0.06855013,0.058766056,0.12504958,0.08365026,0.0890886,0.004317252,0.0,0.0
FBLN1,4.683745,4.232606,1.6416231,1.5580289,1.2164354,1.0501465,0.8413491,0.5889431,1.2638818,0.09513839
FBLN2,0.2222767,0.27502394,0.2076808,0.07708422,0.14856407,0.13620187,0.15368108,0.14861503,0.060086433,0.0
FBLN5,0.005681538,0.0022715703,0.057368476,0.08714222,0.24017222,0.179881,0.23646513,0.061247967,0.011341126,2.3897138
EFEMP1,0.74462503,0.5638669,0.5602723,0.106823176,0.19146344,0.15501519,0.1882287,0.18587057,0.005835297,2.1835449
EFEMP2,0.22420354,0.24563299,0.5756444,0.21731518,0.41218913,0.463205,0.6469615,0.964135,0.058853116,2.820824
NID1,0.98068494,1.031898,0.2581289,0.060801134,0.09403985,0.09576995,0.17899606,0.13668552,0.054711267,0.43061465
NID2,0.21840385,0.26296726,0.10511603,0.06317436,0.060857948,0.023071969,0.04265685,0.0035503153,0.0,0.0
ELN,0.02427331,0.10048151,0.13962314,0.21460025,0.25331053,0.088961974,0.3843624,0.46916425,0.055873137,0.63788795
FBN1,1.6161146,1.0687784,0.425124,0.16991146,0.249974,0.15197729,0.27477688,0.10545449,0.0131321065,0.5201229
FBN2,2.7460616,2.520948,0.8385376,0.15421242,0.24297139,0.13777518,0.1919083,0.085074864,0.004075898,0.40076065
EMILIN1,0.10474764,0.13812466,0.0914911,0.05645308,0.11503283,0.10000113,0.083350666,0.08607687,0.012183627,0.43527392
EMILIN2,0.09246554,0.23717968,0.07460425,0.033003457,0.048322767,0.020590167,0.019206764,0.00858777,0.0,0.08185193
MFAP2,2.9551659,2.8398826,1.7640738,0.90041614,0.59836763,0.17717111,0.1710568,0.08291047,0.07454983,0.13475583
MFAP5,0.0014194773,0.0072136493,0.0038234368,0.0030103184,0.0049857395,0.008366401,0.01729289,0.006540258,0.00616199,0.0
ITGA1,0.13835905,0.08239694,0.03712867,0.02625495,0.035400134,0.018534265,0.02967039,0.007309038,0.002195513,0.087301694
ITGA2,0.064811744,0.27445957,0.2950097,0.26412016,0.1713797,0.15652855,0.26909235,0.31594262,0.02691406,0.89500767
ITGA3,0.03271876,0.18379487,0.11077121,0.11777314,0.18065093,0.18842432,0.24908908,0.39945152,0.033035446,0.857192
ITGA4,0.21987684,0.12558572,0.088046245,0.027829358,0.027005939,0.0134681435,0.012492427,0.002891309,0.008318824,0.06341417
ITGA5,0.5129507,0.99748874,0.24514574,0.057102695,0.06870194,0.02803633,0.037097767,0.029008685,0.0033470953,0.7389203
ITGA6,1.7651008,2.8384504,0.86257535,0.3912563,0.43456712,0.33612543,0.5962254,0.802066,0.1887753,2.184232
ITGA7,0.33228472,0.4827853,0.23293869,0.15560333,0.1757808,0.17298901,0.52840513,0.8170596,0.20094632,3.5203152
ITGA8,0.26274547,0.003700833,0.049071252,0.022877928,0.03719276,0.026794191,0.03666168,0.027981274,0.0063829715,0.0
ITGA9,0.21705328,0.021444853,0.14318135,0.041321766,0.08896981,0.058130685,0.06749955,0.010334862,0.008818441,0.42640352
ITGA10,0.017392637,0.020051172,0.047262896,0.055383433,0.04998109,0.061198186,0.07988464,0.033239506,0.0123987375,0.0
ITGA11,0.027589915,0.02989074,0.04005375,0.023579733,0.041223742,0.034641027,0.023560323,0.01773621,0.005914859,0.07543151
ITGAV,1.3108673,1.6018894,0.63766825,0.40208519,0.60076827,0.63441825,1.04793,0.73116535,0.32194242,1.4937336
ITGAL,0.009223666,0.004728545,0.0054049795,0.0025369544,0.0049472083,0.007535567,0.008452327,0.004715688,0.0022148145,0.0
ITGAM,0.0027600648,0.013893054,0.0022182784,0.002283179,0.00213859,0.0038836629,0.0068077175,0.00040280313,0.0,0.10116084
ITGAX,0.0016383395,0.007560028,0.0026040548,0.0014966386,0.0026064874,0.004344997,0.0037418145,0.0020443762,0.001706926,0.0
ITGAD,0.0021694722,0.00040720726,0.00085876894,0.00019169906,0.00041772888,0.00042380998,0.0012573416,0.00011795775,0.0,0.0197354
ITGAE,1.6019266,2.7861457,2.2120059,1.7730011,1.5358956,1.4565762,1.5731795,1.6031901,0.8138529,1.7687151
ITGB1,3.1448603,3.9360328,2.6671052,1.7583151,1.8792065,1.5847018,2.1813579,1.8701805,2.3570547,4.1852736
ITGB2,0.00648723,0.004224888,0.006611664,0.0019420759,0.0028475963,0.00388302,0.0035301012,0.00035526673,0.0,0.0
ITGB3,0.010036016,0.00075666123,0.010033724,0.004145752,0.01210001,0.0097662825,0.01772063,0.0012667123,0.0,0.4400446
ITGB4,0.024822474,0.032627452,0.031072488,0.020537501,0.042893063,0.04127509,0.140719,0.33421713,0.0,1.7266124
ITGB5,1.2001237,1.6914556,0.3898817,0.10500494,0.21040486,0.19017419,0.39714965,0.44233003,0.04669767,3.5394993
ITGB6,0.00082869385,0.010625727,0.009140143,0.021072285,0.014009471,0.007922371,0.013631102,0.021318372,0.0,0.0
ITGB7,0.0047705965,0.0012282918,0.008948179,0.004718909,0.011357264,0.005577755,0.010338366,0.0042847204,0.0,0.07829523
ITGB8,1.1881607,0.5619079,1.30968,0.8274573,1.1961321,0.79869276,1.0881549,1.1740686,0.36315975,4.824933
ITGA2B,0.13972794,0.2386432,0.15790069,0.08266417,0.107059255,0.079632685,0.10028052,0.035341218,0.009482301,0.1158018
YAP1,2.652347,2.0568125,1.3879985,0.5107751,0.5642857,0.36233845,0.6715765,0.49366465,0.15282603,1.1908578
WWTR1,0.89289474,0.37368187,0.535637,0.27735656,0.45756075,0.40403232,0.7024765,0.83531255,0.04592312,3.604319
LATS1,0.90818965,1.0467781,0.6026431,0.5062682,0.61053175,0.628359,0.7439556,0.40750465,0.20338216,1.2944903
LATS2,0.56224835,0.6406492,0.38838556,0.13812026,0.13633434,0.10031631,0.1772047,0.13694346,0.030702034,0.4994453
STK3,2.2496004,0.90355206,0.790622,0.30384454,0.46237585,0.3250624,0.5169434,0.291213,0.1944716,1.3559613
STK4,0.95922476,2.243555,1.153255,0.96505636,0.97483754,1.044098,1.1028986,0.6369284,0.4184653,0.6576982
MOB1A,1.0988331,2.7645586,1.4653397,0.99185854,1.0042446,0.82806104,0.94358575,1.098016,0.67231685,1.6263498
MOB1B,1.2915176,0.78678006,0.86081195,0.49189207,0.6460079,0.5555909,0.77666944,0.40747797,0.21642523,1.232526
SAV1,0.67339325,2.160109,0.8766953,0.5845478,0.69424325,0.7125347,0.7403338,0.7768858,0.26170006,1.6108054
TEAD1,3.1817884,2.508731,1.5404683,0.8689794,0.9431155,0.8216674,1.2547652,0.8450743,0.3430138,2.141227
TEAD2,0.8417088,3.723991,1.4741355,0.7289479,0.48460978,0.34383208,0.45392853,0.56620383,0.52964103,0.3349976
TEAD3,0.40849856,0.81629217,0.3798642,0.19330412,0.1890123,0.12849373,0.16943097,0.16322276,0.06188922,0.746099
TEAD4,0.2597726,0.5599939,0.16161405,0.066406585,0.051847793,0.042791773,0.045222644,0.04332708,0.017876688,0.3326297
NF2,0.49645674,0.9422164,0.585504,0.51606,0.671627,0.67713404,0.8073426,0.5879465,0.47165444,2.2117984
WWC1,0.4068409,0.47318724,0.29920015,0.31790206,0.43223363,0.55871713,0.6496112,0.45626655,0.12971553,0.77131724
AMOT,1.3160698,0.3682095,0.33560106,0.17727746,0.20342833,0.1814477,0.31070197,0.26807088,0.08030962,0.58715516
AMOTL1,1.4369544,0.85296565,0.6633391,0.42387253,0.6283768,0.56657094,0.741377,0.430772,0.24620813,1.2322096
AMOTL2,0.6696924,0.93152815,0.7015388,0.5568022,0.49718568,0.46834862,0.5244466,0.43582544,0.258054,0.8098248
TLN1,1.3225925,1.5424478,0.77022797,0.6253138,0.734725,0.6729058,0.9497,0.7351569,0.27840477,2.1221168
TLN2,1.3107462,0.9939836,0.5601446,0.43398544,0.5757999,0.5969702,0.75472474,0.2642432,0.16853511,1.0211664
VCL,1.8609773,3.0225835,1.0232992,0.6911271,0.7152868,0.7003046,0.98302114,0.67865413,0.23025869,3.5028558
PXN,0.2676234,0.8327063,0.3631039,0.22320387,0.2598542,0.22208783,0.2716244,0.34845445,0.123874806,2.5702145
ZYX,0.48745367,1.4810836,0.7791752,0.7092544,0.7763691,0.7037612,0.8235326,0.5702708,0.41181773,3.39859
FERMT1,0.15134662,0.41141868,0.039009664,0.009747754,0.01595181,0.016038887,0.01823724,0.01808781,0.0056539774,0.0
FERMT2,2.379628,3.5309446,1.3100572,1.003407,1.0195538,1.0883238,1.7537454,1.8585374,0.5373095,3.4377127
FERMT3,0.022252511,0.018487519,0.022649791,0.025719754,0.021104116,0.032404073,0.05787622,0.009994642,0.0019257697,0.049072236
ILK,1.3509834,2.490792,1.7939118,1.4635108,1.5792196,1.4790553,1.661049,1.6542597,1.1352353,5.4161453
PARVA,0.74142206,0.87732846,0.73185825,0.2978359,0.2730549,0.20689313,0.23549056,0.17497613,0.041399445,0.9217037
PARVB,0.17697167,0.4318002,0.26268184,0.103936814,0.12015606,0.14016408,0.085099846,0.042087432,0.015276851,0.0
PTK2,3.704791,2.7278626,2.244659,1.4010429,1.6491734,1.3582937,1.6123952,0.9791536,0.47571677,2.4646711
SRC,0.30404535,0.6426695,0.35005432,0.3504226,0.40658808,0.3953054,0.4270036,0.20093186,0.19470355,0.54828465
BCAR1,0.6235952,0.7883587,0.78378224,0.6295074,0.6991441,0.6682398,0.8447811,0.789342,0.52482575,0.8302506
CRK,1.2067478,2.5039759,1.6276194,1.3933731,1.605061,1.8086536,1.8746146,1.6362761,1.047918,3.3498025
CRKL,1.1392984,1.700717,0.7441241,0.56140417,0.6260827,0.60552627,0.7261186,0.60544235,0.269018,3.890325
PIEZO1,0.08521701,0.28251266,0.028722974,0.018334081,0.037611376,0.04488388,0.10070952,0.13072434,0.028995581,0.23004945
PIEZO2,0.47680205,0.31790292,0.35047957,0.15631977,0.23795256,0.14276133,0.20132028,0.023545137,0.08002427,0.0
TRPV4,0.065182686,0.061029114,0.044703387,0.024061928,0.0072294045,0.0052554426,0.0271301,0.000118911994,0.0,0.0
TRPC1,1.1588792,0.59490705,0.5540485,0.22828174,0.38479522,0.3112218,0.38480964,0.1304757,0.09844906,0.5146811
TRPC6,0.014447371,0.059877694,0.02820532,0.083534956,0.01709905,0.0093154255,0.012162065,0.000315771,0.0,0.0
TRPM7,1.5649966,1.6116047,0.71447897,0.470415,0.5784673,0.5830473,0.8195928,0.3818355,0.22157095,0.7282913
KCNK2,0.09451211,0.03021359,0.09721623,0.06475202,0.101797745,0.12899321,0.15775609,0.03453979,0.019516256,0.20185447
KCNK4,0.0034527015,0.003878775,0.0089170635,0.008784999,0.03946374,0.028902637,0.018912882,0.024430191,0.013604786,0.25260928
TMC1,0.023924137,0.004267986,0.010543578,0.0029993656,0.008095098,0.009433308,0.018103542,0.007296371,0.0020069596,0.14654896
TMC2,0.0067888056,0.0007315687,0.008005266,0.01283395,0.012162559,0.009620292,0.008616366,0.0012970978,0.0,0.0
DDR1,0.8641691,2.3619654,1.9343208,1.7575895,2.055595,1.6766647,2.1633878,2.3912294,0.93513757,4.592738
DDR2,0.05998001,0.03115516,0.11416632,0.12750791,0.23627111,0.11775423,0.16248475,0.047276154,0.013003763,0.51677
CD44,0.037755385,0.08724981,0.03916475,0.087694734,0.2382528,0.3007345,0.60486436,1.2895736,0.05216514,6.3299255
DAG1,1.4940875,2.339735,0.98082095,0.6616747,0.82055247,0.79382616,1.0955682,1.1583807,0.34408957,4.334759
RPSA,7.728173,8.424898,7.141275,6.31741,6.0646257,6.652481,6.465481,6.4340754,6.7962728,4.857831
BCAM,0.6794319,1.1123283,0.72676885,0.3422987,0.27076465,0.21278988,0.17089233,0.095867775,0.054910086,0.046414405
HMMR,1.2444264,2.8186412,0.75188696,0.3577404,0.24400179,0.14301068,0.21300094,0.21330369,0.15844625,0.0
LYVE1,0.008592211,0.000935049,0.007096645,0.0025247175,0.0076206313,0.0044946144,0.009300369,0.00011462659,0.0,0.09050754
MMP1,0.0,0.004732865,0.00068596384,0.0026506593,0.0033624796,0.0057207155,0.001144233,0.0,0.0,0.0
MMP2,1.3235351,1.1344458,0.69524074,0.14554152,0.20038655,0.14064856,0.23772688,0.301909,0.17444983,0.60938543
MMP3,0.00023383067,0.007518506,0.00449644,0.0019518147,0.0019130365,0.0021780767,0.0028436997,0.00047188034,0.0,0.0
MMP7,0.0,0.0,0.0004795637,0.001203163,0.0031378113,0.005266487,0.012410257,0.062380664,0.0021268837,0.0
MMP8,0.0,0.0,5.889932e-05,3.0321795e-05,0.00016605417,4.0114763e-05,8.325736e-05,0.0,0.0,0.0
MMP9,0.023621868,0.12420083,0.02923442,0.012778473,0.020553676,0.026225286,0.013839374,0.0065694354,0.0,0.0
MMP10,0.00046073424,0.0,0.0019625544,0.0072134943,0.016934114,0.012378403,0.0042536566,0.00062183756,0.0021011762,0.0
MMP11,0.31667474,0.24463196,0.2804509,0.09621612,0.13465872,0.14192423,0.11689726,0.07923672,0.041861117,0.32768387
MMP12,0.0005690086,0.0,4.084069e-05,0.00026734665,0.00087679294,0.00047953782,0.00033636802,0.0,0.0,0.0
MMP13,0.0010969648,0.0003422995,0.00011996116,0.0002973508,0.00031561046,0.00037819464,0.0005402668,0.00037347566,0.0,0.0
MMP14,0.12893938,0.17147069,0.13776654,0.092566445,0.17331271,0.16999455,0.42376834,0.55812097,0.13769719,0.71696997
MMP15,0.32572502,0.6237694,0.39465865,0.4015582,0.5079917,0.411115,0.5604914,0.62859243,0.255531,0.092292905
MMP16,2.6211636,0.89023215,0.79342014,0.4441308,0.6678054,0.67712456,0.79220414,0.256629,0.2147476,0.20980114
MMP17,0.11744923,0.23387536,0.29856083,0.28161758,0.38376683,0.37040782,0.25508097,0.10522467,0.08195261,0.0
MMP19,0.02342875,0.025136042,0.013434263,0.010537599,0.016176952,0.012025007,0.018622838,0.009018794,0.0,0.2300052
MMP24,0.1372927,0.21972787,0.13508841,0.17955409,0.30475417,0.31743795,0.33041564,0.08241265,0.102497764,0.34594187
MMP25,0.005685578,0.08811764,0.008081198,0.0051492434,0.0101732025,0.008608059,0.014812019,0.01228,0.0017699201,0.081021756
MMP28,0.020804496,0.015542695,0.01916795,0.028764304,0.06325795,0.09055807,0.14255011,0.066340245,0.053221554,0.6963187
TIMP1,1.7138692,2.9502556,2.3140478,1.167216,1.2406256,1.1962402,1.5191442,2.071998,0.6592217,5.038885
TIMP2,0.6531496,1.0318903,1.1904784,1.1347438,1.6109749,1.761757,2.0496924,2.1457973,0.8633253,3.0385847
TIMP3,0.69317806,0.2600715,0.39289418,0.3180979,0.4639355,0.46929464,0.71248966,0.8782371,0.12135095,3.8749998
TIMP4,0.0042047026,0.064366445,0.029577842,0.010902304,0.04074324,0.032237433,0.062113192,0.024616582,0.0038928664,0.11361042
ADAM10,1.9950643,2.7087564,1.4818157,0.8513833,1.0628124,0.8400435,1.0288082,0.73804635,0.615155,1.2363034
ADAM17,1.5180353,2.2794864,1.4158969,0.95442516,0.9410228,0.9232848,1.312128,0.85003453,0.76396984,2.5927243
ADAM12,0.16062526,0.21957125,0.4123746,0.12845701,0.18471375,0.10761801,0.1456484,0.04491779,0.0018588374,0.5235543
ADAMTS1,0.58425283,0.23615623,0.2992456,0.21903393,0.18803899,0.19855465,0.2942108,0.1568261,0.003991696,2.2552102
ADAMTS2,0.14171043,0.21303317,0.19023943,0.0834011,0.11934576,0.083498456,0.062257674,0.015607308,0.015492208,0.0
ADAMTS4,0.04130733,0.12237227,0.043636534,0.058450084,0.10813347,0.103446655,0.095963724,0.08170812,0.023999043,0.03270641
ADAMTS5,0.027483478,0.006810838,0.0668993,0.12430491,0.099503316,0.066867016,0.05394613,0.0016178042,0.0032651448,0.0
ADAMTS13,0.16254443,0.11781443,0.09146361,0.05781775,0.09410766,0.08506677,0.10982842,0.08235217,0.01368707,0.0
LOX,0.03017189,0.013207292,0.08252221,0.14021495,0.30610487,0.23703821,0.2927883,0.3618308,0.15048845,1.958324
LOXL1,0.4581049,0.7782399,0.8731525,0.3402853,0.30635482,0.26457593,0.33119717,0.39844102,0.5656885,0.4556862
LOXL2,0.2857799,1.0109816,0.2395711,0.07923358,0.11001311,0.09127135,0.102587886,0.07229893,0.019525107,0.31115144
LOXL3,0.38616103,0.47624668,0.40905678,0.17359447,0.20419776,0.15336327,0.19603176,0.120717525,0.085136995,2.2970462
LOXL4,0.022130005,0.0066949152,0.030703956,0.009355819,0.010326492,0.0052960096,0.011035246,0.009497082,0.117611274,0.0
TGM2,0.005845282,0.022363098,0.019614229,0.014292112,0.016181327,0.009194308,0.0057085603,0.005888339,0.0,0.0
CCN1,0.61292195,0.4872963,0.22027881,0.15550281,0.15811047,0.040703375,0.035718143,0.0,0.15255977,0.0
CCN2,0.73410594,0.3730399,0.23263088,0.115090385,0.103517525,0.013458777,0.013934563,0.0,0.0061255833,0.0
CCN3,0.025595875,0.009437165,0.010790228,0.061608,0.13422358,0.022578923,0.010519377,0.0,0.012071212,0.0
CCN4,0.0013971893,0.0,0.0015522931,0.0013641084,0.008354846,0.002948719,0.0042422353,0.0,0.0,0.0
CCN5,0.003844114,0.0007387849,0.0029843186,0.005701607,0.015587937,0.0036160643,0.0035355417,0.0,0.0,0.0
CCN6,0.0073849857,0.0,0.0016859645,0.00072722253,0.0016014538,0.0008923941,0.0010424546,0.0,0.0,0.0
TGFB1,0.19327207,0.20735812,0.2864668,0.093495674,0.214341,0.23042242,0.30105218,0.4905346,0.30231905,0.05528515
TGFB2,0.30428103,0.27152744,0.22146834,0.14523429,0.35693023,0.343688,0.5656087,0.3929311,0.1431482,2.3150868
TGFB3,0.017351825,0.016063822,0.042632148,0.06200119,0.07400888,0.07074111,0.11356054,0.07732638,0.08611213,0.74551874
BMP1,0.2865812,0.13200916,0.2946654,0.16891685,0.25322416,0.17555036,0.23599045,0.24683936,0.10527088,0.38453203
BMP2,0.45532864,0.31520823,0.16843876,0.0813229,0.08155984,0.050522737,0.074433126,0.025024261,0.0041455207,0.0953857
BMP4,0.10286473,0.5829791,0.13289054,0.07435758,0.053097125,0.024621364,0.050299175,0.023350796,0.0,0.23331013
BMP7,1.4160813,1.2139969,0.92732877,0.5440792,0.75618416,0.6059641,1.0225984,1.227737,0.476295,3.6567993
LMNA,1.1594453,1.1235983,1.412201,1.0138156,1.2147316,1.1563188,1.7094009,1.4697478,0.4477836,2.8173516
LMNB1,3.1008236,3.3244221,1.863068,1.6273271,1.1617154,1.0168513,1.0599971,0.9012342,0.89022017,0.22525036
LMNB2,1.3820887,1.8897322,0.9370944,0.6290963,0.5667476,0.48413143,0.571603,0.41818607,0.23475936,0.56607944
EMD,1.3478726,2.6489856,1.5877924,1.4506849,1.4437842,1.5629079,1.5066744,1.253459,0.57076967,2.2957683
SYNE1,0.41701016,0.10227888,0.5805016,0.6397085,0.9548823,0.9117141,1.2422334,0.85238034,0.16254322,2.2372892
SYNE2,4.226305,4.5245223,3.0967295,3.0893133,2.4498196,2.4084213,2.599353,2.563341,1.4593122,2.1872146
SUN1,1.2412503,1.6476992,1.1792136,1.0700431,1.3382195,1.2529786,1.3475951,1.0280368,0.57864577,2.8539715
SUN2,0.33349928,0.13680632,0.37718362,0.510951,0.69632393,0.8179221,0.82329977,0.5125649,0.45569623,0.7587579
ACTA2,0.21184398,0.26255992,0.2610152,0.13912128,0.23097903,0.17154695,0.4769397,0.12503195,0.10421574,1.6211535
ACTB,6.8193917,7.9151692,7.3575287,7.730231,7.8745933,7.8092017,7.4328938,8.156469,8.399387,8.968677
MYH9,1.4914724,2.7058022,0.74370617,0.31217864,0.38529512,0.38469315,0.50209343,0.4355738,0.13802086,0.47109875
MYH10,4.304298,5.0114155,2.752054,2.0998852,1.9188977,1.7910461,1.9035782,1.3848162,1.0141908,2.5118964
FLNA,3.3062046,2.5082881,1.5966284,1.0085101,1.1669961,0.8936867,1.3990417,1.5210875,0.52397937,2.4557984
FLNB,0.98903036,1.3476812,0.6542565,0.36563593,0.4518881,0.419797,0.38852197,0.069059476,0.11581421,0.5113353
SRF,0.32853627,0.8056299,0.36353382,0.30446643,0.29262924,0.33773914,0.46065685,0.37700722,0.12056724,0.6227016
RHOA,3.673745,5.232637,3.8710775,3.1709397,3.103268,3.1532826,3.3508368,4.091112,2.5847213,6.208578
ROCK1,2.440136,3.8097568,1.9786528,1.6468889,1.5733956,1.5233545,1.703069,1.425243,0.71530694,1.1263528
ROCK2,2.182995,1.9942956,1.668487,1.5068738,1.4564472,1.4992765,1.7044936,1.217781,0.5746184,1.4089264
RAC1,4.0664682,5.345075,5.0139704,4.9091687,5.2329583,5.454443,5.35034,5.952594,5.137079,4.911521
CDC42,3.1646733,5.818005,3.9643009,4.3546267,4.692008,4.809522,4.480014,3.9728384,4.7784104,2.6179795
